ACCIDENT_YEAR,COLLISION_DATE,COLLISION_TIME,MONTH,SEASON,24HOURS,DAY_OF_WEEK,INTERSECTION,WEATHER_1,STATE_HWY_IND,ROAD_SURFACE,ROAD_COND_1,LIGHTING,STWD_VEHTYPE_AT_FAULT,CHP_VEHTYPE_AT_FAULT,DIRECTION,PCF_VIOL_CATEGORY,TYPE_OF_COLLISION,PEDESTRIAN_ACCIDENT,BICYCLE_ACCIDENT,MOTORCYCLE_ACCIDENT,TRUCK_ACCIDENT,MVIW,TOW_AWAY,HIT_AND_RUN,CONTROL_DEVICE,NUMBER_INJURED,COUNT_PED_INJURED,COUNT_BICYCLIST_INJURED,COUNT_MC_INJURED,PCF_VIOLATION,PARTY_COUNT,POINT_Y,POINT_X,COLLISION_SEVERITY
2012,2012-03-09,1726,3,1,17,5,Y,A,N,A,H,A,A,01,,09,D,,Y,,,G,N,N,A,1,0,1,0,21801.0,2,36.96814498,-122.04305301,4
2012,2012-02-05,2500,2,4,25,7,N,A,Y,A,H,D,A,01,N,08,E,,,,,I,Y,N,D,1,0,0,0,22107.0,1,37.00735733,-122.02118691,4
2012,2012-02-14,136,2,4,1,2,N,B,Y,B,H,C,A,01,S,01,F,,,,,A,Y,N,D,1,0,0,0,23152.0,1,36.97047002,-121.87319876,2
2012,2012-02-13,1534,2,4,15,1,N,B,Y,B,H,A,A,01,N,03,B,,,,,C,Y,N,D,3,0,0,0,22350.0,2,37.12425467,-121.97290823,4
2012,2012-02-11,640,2,4,6,6,N,B,Y,B,H,A,A,01,S,08,E,,,,,I,Y,N,D,1,0,0,0,22107.0,1,37.10483496,-121.97477302,4
2012,2012-02-05,1416,2,4,14,7,N,A,Y,A,H,A,A,07,S,03,C,,,,,C,Y,N,D,1,0,0,0,22350.0,4,37.05847711,-122.07803372,4
2012,2012-02-10,2242,2,4,22,5,N,B,Y,B,H,D,A,01,N,03,E,,,,,I,Y,N,D,1,0,0,0,22350.0,2,37.10562481,-121.97498151,3
2012,2012-02-10,1530,2,4,15,5,N,B,Y,B,H,A,A,01,N,08,E,,,,,I,Y,N,D,1,0,0,0,22107.0,1,36.96827496,-121.87024299,4
2012,2012-03-15,2147,3,1,21,4,Y,C,N,B,H,C,D,22,,09,A,,,,,C,Y,N,A,1,0,0,0,21801.0,2,36.97333498,-122.01825303,4
2012,2012-03-15,1258,3,1,12,4,Y,B,N,B,H,A,A,01,,12,D,,,,,C,Y,N,A,2,0,0,0,22450.0,3,36.96535501,-122.03841293,3
2012,2012-03-09,1250,3,1,12,5,N,A,Y,A,H,A,L,04,S,05,D,,Y,,,G,N,N,D,1,0,1,0,21650.0,2,36.96068649,-122.04903937,3
2012,2012-03-01,1455,3,1,14,4,Y,B,N,B,H,A,A,01,,09,D,,Y,,,G,N,N,A,1,0,1,0,21801.0,2,36.98387492,-121.99342296,4
2012,2012-03-01,819,3,1,8,4,Y,C,N,B,H,A,A,01,,09,D,,,,,C,Y,N,D,1,0,0,0,21801.0,2,36.94001497,-121.7810129,4
2012,2012-03-05,1833,3,1,18,1,N,A,N,A,H,C,A,07,S,10,G,Y,,,,B,N,N,A,1,1,0,0,21950.0,2,36.95575846,-121.76495185,4
2012,2012-03-01,1525,3,1,15,4,N,B,Y,B,H,A,A,01,N,03,B,,,,,C,Y,N,D,1,0,0,0,22350.0,2,37.10828485,-121.97722971,3
2012,2012-03-02,1832,3,1,18,5,N,A,N,A,H,C,N,60,E,11,G,Y,,,,B,N,N,D,1,1,0,0,21954.0,2,36.93573238,-121.77277906,4
2012,2012-02-02,4,2,4,0,4,N,A,N,A,H,D,A,01,W,01,E,,,,,I,Y,N,D,1,0,0,0,23152.0,1,36.93822173,-121.70652329,4
2012,2012-02-09,845,2,4,8,4,Y,A,N,A,H,A,A,01,,09,D,,,Y,,C,Y,N,A,1,0,0,1,21802.0,2,36.97718493,-121.98760305,4
2012,2012-02-02,114,2,4,1,4,N,A,Y,A,H,C,A,01,N,01,E,,,,,I,Y,M,D,1,0,0,0,23152.0,1,37.06793494,-122.08259211,3
2012,2012-02-05,2000,2,4,20,7,N,A,Y,A,B,D,C,02,E,03,E,,,Y,,I,N,N,D,1,0,0,1,22350.0,1,36.97628184,-121.71511875,4
2012,2012-02-08,753,2,4,7,3,N,A,Y,A,H,A,A,01,S,03,C,,,,,C,Y,N,D,1,0,0,0,22350.0,2,36.94806056,-121.84891082,4
2012,2012-03-13,1656,3,1,16,2,N,B,N,B,H,A,A,07,S,04,C,,,,,C,N,N,D,1,0,0,0,21703.0,2,36.91584093,-121.76095331,4
2012,2012-02-10,1600,2,4,16,5,N,B,N,-,H,A,A,01,S,08,E,,,,,I,Y,N,D,1,0,0,0,22107.0,1,37.04797407,-121.99868002,3
2012,2012-02-02,1647,2,4,16,4,N,A,N,A,H,A,L,04,E,17,F,,Y,,,A,N,N,D,1,0,1,0,21205.0,1,36.97203491,-121.99421517,3
2012,2012-01-29,1210,1,4,12,7,N,A,Y,A,H,A,L,04,E,08,F,,Y,,,A,N,N,D,1,0,1,0,22107.0,1,37.13836199,-122.14295428,2
2012,2012-01-26,1509,1,4,15,4,N,B,Y,A,H,A,A,01,N,08,E,,,,,I,Y,N,D,2,0,0,0,22107.0,1,36.89698696,-121.77587922,4
2012,2012-01-24,1146,1,4,11,2,N,A,N,A,H,A,A,01,W,03,E,,,,,I,Y,N,D,3,0,0,0,22350.0,1,36.98780119,-121.80698901,2
2012,2012-01-12,1130,1,4,11,4,Y,A,N,A,H,A,A,01,,09,D,,,,,C,N,N,A,3,0,0,0,21802.0,2,36.98387492,-121.99342296,4
2012,2012-01-30,408,1,4,4,1,Y,A,N,A,H,D,A,01,,03,E,,,,,I,Y,N,A,2,0,0,0,22350.0,1,36.88345497,-121.79684289,3
2012,2012-01-29,1320,1,4,13,7,N,A,Y,A,H,A,L,04,S,03,C,,Y,,,G,N,N,D,1,0,1,0,22350.0,2,37.11226278,-122.11484392,4
2012,2012-01-23,1257,1,4,12,1,N,B,Y,B,H,A,A,07,N,03,E,,,,,I,Y,N,D,1,0,0,0,22350.0,1,37.10549152,-121.97492521,4
2012,2012-03-10,210,3,1,2,6,N,A,Y,A,H,D,A,01,N,01,E,,,,,I,Y,N,D,1,0,0,0,23152.0,1,36.97967495,-121.913803,3
2012,2012-01-22,1458,1,4,14,7,N,B,Y,B,H,A,A,01,N,03,B,,,,,C,Y,N,D,1,0,0,0,22350.0,6,37.10493381,-121.97486684,4
2012,2012-03-16,1434,3,1,14,5,N,B,Y,A,H,A,D,22,S,03,C,,,,,C,N,N,D,1,0,0,0,22350.0,2,36.91657362,-121.77153552,4
2012,2012-03-10,1314,3,1,13,6,N,A,Y,A,H,A,N,60,W,11,G,Y,,,,B,N,N,D,1,1,0,0,21954.0,2,36.90995422,-121.74965709,3
2012,2012-02-26,1128,2,4,11,7,N,A,Y,A,H,A,A,01,N,- ,B,,,,,C,Y,N,D,1,0,0,0,,2,36.91536775,-121.76497506,4
2012,2012-04-13,1320,4,1,13,5,N,B,N,B,H,A,A,01,N,05,D,,,,,C,Y,N,D,1,0,0,0,21460.0,2,36.90254935,-121.82464352,1
2012,2012-05-12,1030,5,1,10,6,N,A,N,A,H,A,-,- ,W,00,F,,Y,,,A,N,N,D,0,0,0,0,,1,36.96598936,-122.04503778,1
2012,2012-06-04,1544,6,2,15,1,N,B,N,B,H,A,D,23,N,08,E,,,,,I,Y,N,D,0,0,0,0,22107.0,1,37.10009332,-121.94752077,1
2012,2012-05-04,2500,5,1,25,5,N,B,Y,A,H,D,-,99,S,08,G,Y,,,,B,N,F,D,0,0,0,0,22107.0,2,36.98220837,-122.14222141,1
2012,2012-03-03,2026,3,1,20,6,N,A,N,A,H,D,A,01,N,01,E,,,,,I,Y,N,D,1,0,0,0,23152.0,1,37.00699411,-121.93892802,3
2012,2012-03-07,1503,3,1,15,3,N,A,N,A,H,A,L,04,N,03,F,,Y,,,A,N,N,D,1,0,1,0,22350.0,1,37.09430982,-122.00464094,3
2012,2012-03-04,1309,3,1,13,7,Y,A,N,A,H,A,-,- ,,18,F,,Y,,,A,N,N,D,1,0,1,0,,1,36.98782499,-122.06871306,3
2012,2012-03-11,1349,3,1,13,7,Y,B,N,A,H,A,A,01,,03,C,,,,,C,N,N,D,1,0,0,0,22350.0,2,36.96048496,-121.76497295,4
2012,2012-03-14,1602,3,1,16,3,N,B,Y,A,H,A,A,07,S,03,E,,,,,I,Y,N,D,1,0,0,0,22350.0,1,37.11317496,-121.97508302,4
2012,2012-03-13,1801,3,1,18,2,Y,B,N,A,B,A,A,01,,09,B,,,,,C,N,N,A,1,0,0,0,21802.0,2,36.94950497,-121.76489301,4
2012,2012-03-23,410,3,1,4,5,N,A,N,A,H,D,A,01,N,01,E,,,,,I,Y,N,D,1,0,0,0,23152.0,1,37.17315873,-122.13838061,3
2012,2012-03-15,1530,3,1,15,4,N,B,N,B,H,A,A,01,W,03,C,,,,,C,Y,N,D,1,0,0,0,22350.0,2,36.97219476,-121.81998796,4
2012,2012-03-14,1902,3,1,19,3,N,C,N,B,H,A,A,01,S,01,E,,,,,I,Y,N,D,1,0,0,0,23152.0,1,36.99342122,-121.94635189,3
2012,2012-03-16,2200,3,1,22,5,Y,B,N,B,H,C,A,01,,17,A,,,,,C,Y,N,A,1,0,0,0,21451.0,2,36.989075,-121.93569302,4
2012,2012-03-17,1942,3,1,19,6,Y,B,N,A,-,C,L,04,,01,H,,Y,,,G,N,N,D,1,0,1,0,21200.0,2,36.96323496,-121.99006293,4
2012,2012-03-09,1000,3,1,10,5,Y,A,N,A,H,A,-,99,,09,H,,Y,,,G,N,F,A,1,0,1,0,21802.0,2,36.9702182,-121.97097659,3
2012,2012-03-23,1610,3,1,16,5,Y,A,N,A,H,A,A,07,,12,H,,Y,,,G,N,N,A,1,0,1,0,22450.0,2,36.98636499,-121.86004294,4
2012,2012-03-27,1845,3,1,18,2,N,B,N,B,H,A,A,01,W,10,G,Y,,,,B,N,N,D,1,1,0,0,21950.0,2,36.96343554,-121.96957153,2
2012,2012-03-11,1305,3,1,13,7,N,B,N,A,H,A,A,07,W,03,C,,,,,C,Y,N,D,2,0,0,0,22350.0,2,37.11991354,-121.92799892,4
2012,2012-03-21,1737,3,1,17,3,N,A,N,A,H,A,L,04,E,01,E,,Y,,,I,N,N,D,1,0,1,0,21200.0,1,36.98366425,-121.9601073,3
2012,2012-03-15,1358,3,1,13,4,N,B,N,B,H,A,A,01,E,04,C,,,,,C,N,N,A,1,0,0,0,21703.0,2,37.05036528,-122.03700175,4
2012,2012-02-26,308,2,4,3,7,N,A,N,A,H,D,J,48,S,22,E,,,,,I,Y,N,D,1,0,0,0,,1,36.97533011,-121.77663191,4
2012,2012-02-23,1652,2,4,16,4,Y,A,N,A,H,A,A,01,,08,E,,,,,I,Y,N,D,1,0,0,0,22107.0,1,37.06586498,-122.03359302,3
2012,2012-02-18,2329,2,4,23,6,N,A,N,A,H,D,A,01,N,08,E,,,,,I,Y,N,D,1,0,0,0,22107.0,1,37.02201226,-122.02145984,3
2012,2012-03-13,1717,3,1,17,2,N,B,Y,B,H,A,A,01,N,03,A,,,,,C,Y,N,D,2,0,0,0,22350.0,2,37.06296495,-122.00350302,4
2012,2012-03-15,615,3,1,6,4,N,C,Y,B,H,D,A,07,N,03,E,,,,,I,Y,N,D,1,0,0,0,22350.0,1,37.10727496,-121.97684302,4
2012,2012-03-13,1455,3,1,14,2,N,B,Y,B,H,A,A,07,S,03,E,,,,,I,Y,N,D,2,0,0,0,22350.0,1,37.09972118,-121.97646084,3
2012,2012-03-13,825,3,1,8,2,N,C,Y,B,D,A,A,08,N,03,C,,,,,C,N,N,D,2,0,0,0,22350.0,3,36.98751036,-121.98891277,4
2012,2012-03-20,1500,3,1,15,2,N,A,Y,A,H,A,A,01,W,03,C,,,,,C,N,N,D,1,0,0,0,22350.0,2,36.99062418,-122.02223151,4
2012,2012-03-14,1820,3,1,18,3,N,B,Y,B,H,A,A,08,W,03,E,,,,,I,Y,N,D,1,0,0,0,22350.0,1,36.90716382,-121.61463925,3
2012,2012-03-05,1438,3,1,14,1,N,A,Y,A,H,A,A,07,N,03,C,,,Y,,C,Y,N,D,2,0,0,0,22350.0,9,37.10610044,-121.97535627,2
2012,2012-03-17,1437,3,1,14,6,N,B,Y,B,H,A,A,01,S,08,E,,,,,I,Y,N,D,1,0,0,0,22107.0,1,37.11602333,-121.97577261,4
2012,2012-03-27,1630,3,1,16,2,N,B,Y,B,H,A,A,08,S,08,E,,,,,I,N,N,D,2,0,0,0,22107.0,2,37.11616142,-121.97581058,4
2012,2012-03-16,755,3,1,7,5,N,B,Y,B,H,A,A,01,N,03,E,,,,,I,Y,N,D,1,0,0,0,22350.0,1,37.10699309,-121.9767199,4
2012,2012-03-14,2255,3,1,22,3,N,B,Y,B,H,C,A,01,S,08,E,,,,,I,Y,N,D,1,0,0,0,22107.0,1,37.01371518,-122.02459745,4
2012,2012-03-08,820,3,1,8,4,N,A,Y,A,H,A,A,07,N,07,B,,,Y,,C,Y,N,D,1,0,0,1,21658.0,2,36.97546862,-121.88960844,4
2012,2012-03-13,1338,3,1,13,2,N,B,Y,B,H,A,A,01,S,03,E,,,,,I,N,N,D,1,0,0,0,22350.0,1,36.99257495,-122.01966302,4
2012,2012-03-08,1510,3,1,15,4,Y,A,Y,A,H,A,A,01,,09,D,,,,,C,Y,N,D,1,0,0,0,21802.0,2,37.03223495,-122.02254302,4
2012,2012-03-14,1202,3,1,12,3,N,B,Y,B,H,A,A,01,N,08,B,,,,,C,Y,N,D,1,0,0,0,22107.0,2,36.99257495,-122.01966302,4
2012,2012-03-21,1245,3,1,12,3,N,A,Y,A,H,A,A,07,N,03,C,,,,,C,N,N,D,1,0,0,0,22350.0,2,36.98757621,-121.98948274,4
2012,2012-03-16,905,3,1,9,5,N,B,Y,B,H,A,A,01,N,03,E,,,,,I,Y,N,D,1,0,0,0,22350.0,1,36.98952494,-122.02073585,4
2012,2012-02-22,1243,2,4,12,3,N,A,Y,A,H,A,A,01,S,01,E,,,,,I,Y,N,D,1,0,0,0,23152.0,1,37.01550455,-122.02557172,3
2012,2012-02-22,1604,2,4,16,3,Y,A,N,A,H,A,A,01,,12,D,,Y,,,G,N,N,A,1,0,1,0,21453.0,2,36.989075,-121.93569302,3
2012,2012-02-23,2100,2,4,21,4,Y,A,N,A,H,C,L,04,,12,H,,Y,,,G,N,N,A,1,0,1,0,22450.0,2,37.04124512,-122.0286119,2
2012,2012-03-24,2008,3,1,20,6,N,C,N,B,H,C,A,07,E,03,E,,,,,I,Y,N,A,1,0,0,0,22350.0,1,36.98136345,-122.00680933,4
2012,2012-03-26,1327,3,1,13,1,N,A,Y,A,H,A,A,01,N,03,D,,,,,C,Y,N,A,2,0,0,0,22350.0,2,36.98430384,-122.03018523,3
2012,2012-02-29,1128,2,4,11,3,Y,A,N,A,H,A,A,01,,09,D,,,,Y,C,Y,N,A,1,0,0,0,21801.0,2,36.96411494,-122.02528306,4
2012,2012-04-03,1143,4,1,11,2,N,A,Y,A,H,A,-,- ,E,- ,D,,Y,,,G,N,N,D,1,0,1,0,,2,36.96247731,-122.04401367,3
2012,2012-03-09,1252,3,1,12,5,N,A,N,A,H,A,A,01,W,03,C,,,,,C,N,N,D,1,0,0,0,22350.0,2,36.9872152,-121.9661512,4
2012,2012-03-02,1803,3,1,18,5,N,A,N,A,H,A,D,22,S,08,D,,Y,,,G,N,N,D,1,0,1,0,22107.0,2,36.97909432,-121.99190043,3
2012,2012-03-03,1744,3,1,17,6,Y,A,N,A,H,A,D,22,,09,A,,,,,C,Y,N,D,1,0,0,0,21801.0,2,36.97442493,-121.91024295,4
2012,2012-03-09,945,3,1,9,5,N,A,N,A,H,A,F,26,E,21,C,,,,Y,C,N,N,D,2,0,0,0,22106.0,2,36.98871676,-121.97904856,4
2012,2012-03-15,818,3,1,8,4,Y,B,N,B,H,A,A,01,,09,D,,,,,C,Y,N,D,1,0,0,0,21802.0,2,36.98774498,-121.94684295,4
2012,2012-03-17,1358,3,1,13,6,N,B,N,B,H,A,D,22,W,08,E,,,,,I,N,N,D,1,0,0,0,22107.0,2,37.16654012,-122.03115562,4
2012,2012-03-09,20,3,1,0,5,N,A,N,A,H,D,D,22,N,01,E,,,,,I,Y,N,D,1,0,0,0,23152.0,1,37.08936238,-122.05316249,3
2012,2012-03-04,308,3,1,3,7,N,A,N,A,H,C,D,22,S,01,E,,,,,I,Y,N,D,1,0,0,0,23152.0,1,36.9577475,-121.97938195,2
2012,2012-03-07,1148,3,1,11,3,Y,A,N,A,H,A,H,15,,09,D,,,,,C,Y,N,A,1,0,0,0,21453.0,2,36.97365499,-121.97321304,4
2012,2012-03-12,1552,3,1,15,1,N,A,Y,A,H,A,D,22,S,08,E,,,,,I,Y,N,D,1,0,0,0,22107.0,1,37.05199399,-122.00980542,2
2012,2012-03-13,1630,3,1,16,2,N,B,Y,B,H,A,A,01,N,08,B,,,,,C,Y,N,D,1,0,0,0,22107.0,2,37.11474496,-121.97470302,4
2012,2012-03-15,1300,3,1,13,4,N,B,Y,B,H,A,G,26,N,03,C,,,,Y,C,Y,N,D,1,0,0,0,22350.0,2,37.11519679,-121.9751192,2
2012,2012-03-10,942,3,1,9,6,Y,A,N,A,H,A,-,- ,,12,D,,,,,C,Y,N,A,2,0,0,0,21453.0,2,36.92558499,-121.79638293,3
2012,2012-03-12,1302,3,1,13,1,N,B,N,A,H,A,A,07,E,21,B,,,,,C,N,N,D,1,0,0,0,22106.0,2,36.91890032,-121.77561537,4
2012,2012-03-25,1728,3,1,17,7,N,A,N,A,H,A,A,01,W,03,C,,,,,C,N,N,A,1,0,0,0,22350.0,2,36.92255277,-121.77483631,4
2012,2012-03-23,1352,3,1,13,5,N,A,Y,A,H,A,A,01,S,09,D,,,,,C,Y,N,D,1,0,0,0,21801.0,2,36.9172142,-121.77525989,4
2012,2012-03-20,1914,3,1,19,2,N,A,Y,A,H,A,A,07,S,21,C,,,,,C,N,N,A,1,0,0,0,22106.0,2,36.90707496,-121.75335297,4
2012,2012-03-07,1735,3,1,17,3,Y,A,N,A,H,B,A,01,,09,D,,,Y,,D,Y,N,A,1,0,0,0,21802.0,4,36.98146496,-122.00551295,4
2012,2012-03-04,1946,3,1,19,7,N,A,N,A,H,C,L,04,W,01,D,,Y,,,G,N,N,D,1,0,1,0,21200.0,2,36.9808299,-122.00824405,3
2012,2012-03-04,1807,3,1,18,7,Y,A,N,A,H,A,A,01,,09,D,,,Y,,C,Y,N,A,1,0,0,1,21802.0,2,36.98788495,-122.02628304,3
2012,2012-04-05,1056,4,1,10,4,Y,A,N,-,H,A,D,22,,09,D,,,,,C,N,N,A,1,0,0,0,21802.0,2,36.92423499,-121.76261289,4
2012,2012-04-10,2024,4,1,20,2,N,B,N,B,H,C,A,01,S,01,C,,,,,C,N,N,A,1,0,0,0,23152.0,2,36.93120243,-121.76912962,4
2012,2012-02-16,415,2,4,4,4,N,A,N,A,H,C,D,22,W,05,B,,,,,E,Y,F,D,1,0,0,0,21650.0,4,36.92980437,-121.74325168,2
2012,2012-04-03,1212,4,1,12,2,N,A,Y,A,H,A,-,- ,N,12,D,,,,,C,Y,N,A,2,0,0,0,21453.0,3,36.98430384,-122.03018523,4
2012,2012-03-17,1130,3,1,11,6,Y,B,N,B,H,A,A,01,,03,C,,,,,C,N,N,A,2,0,0,0,22350.0,2,36.98156493,-122.00007294,4
2012,2012-03-23,1526,3,1,15,5,Y,A,N,A,H,A,A,01,,08,D,,Y,,,G,N,N,A,1,0,1,0,22100.0,2,36.96893501,-122.02726306,3
2012,2012-03-19,2133,3,1,21,1,N,B,Y,A,H,C,C,02,N,03,F,,,Y,,J,Y,N,A,1,0,0,1,22350.0,1,36.96970554,-122.03720062,2
2012,2012-04-17,1025,4,1,10,2,Y,A,N,A,H,A,D,22,,08,D,,Y,,,G,N,N,A,1,0,1,0,21717.0,2,36.98141498,-122.01401302,3
2012,2012-03-24,1905,3,1,19,6,N,B,Y,B,H,D,A,01,W,03,E,,,,,I,Y,N,D,4,0,0,0,22350.0,2,36.91216943,-121.65270924,4
2012,2012-03-21,1908,3,1,19,3,N,A,Y,A,H,A,A,01,N,01,E,,,,,I,Y,M,D,1,0,0,0,23152.0,1,36.90525539,-121.78092436,3
2012,2012-03-24,1113,3,1,11,6,N,C,Y,B,H,A,A,07,N,08,E,,,,,I,Y,N,D,1,0,0,0,22107.0,1,37.10787496,-121.97724302,2
2012,2012-03-02,1645,3,1,16,5,N,A,Y,A,H,A,A,01,S,03,C,,,,,C,N,N,D,1,0,0,0,22350.0,2,36.98284495,-121.96009301,4
2012,2012-03-24,947,3,1,9,6,N,C,Y,B,H,A,A,01,N,03,E,,,,,I,Y,N,D,2,0,0,0,22350.0,1,37.10507305,-121.9748445,4
2012,2012-03-11,1600,3,1,16,7,N,A,N,A,H,A,L,04,W,12,H,,Y,,,G,N,N,A,1,0,1,0,22450.0,2,36.97802755,-121.98937974,2
2012,2012-03-28,700,3,1,7,3,N,B,N,B,H,A,D,22,N,08,E,,,,,I,Y,N,D,1,0,0,0,22107.0,1,37.0071308,-121.96815814,3
2012,2012-04-06,1355,4,1,13,5,N,A,N,A,H,A,D,22,W,06,B,,,,,C,N,N,A,1,0,0,0,21750.0,2,36.97418163,-121.88786793,4
2012,2012-04-04,1730,4,1,17,3,Y,A,N,A,H,A,D,22,,12,D,,,,,C,Y,N,D,1,0,0,0,21453.0,2,36.98782499,-122.06871306,4
2012,2012-04-07,1133,4,1,11,6,Y,A,N,A,H,A,L,04,,05,D,,Y,,,G,N,N,A,1,0,1,0,21650.0,2,36.92245493,-121.77003292,4
2012,2012-04-02,1609,4,1,16,1,N,A,Y,A,H,A,A,01,W,04,C,,,,,C,N,N,D,1,0,0,0,21703.0,3,36.90907739,-121.75086076,4
2012,2012-03-16,1252,3,1,12,5,Y,C,N,B,H,A,A,08,,12,D,,,,,C,Y,N,A,1,0,0,0,22450.0,2,37.07381902,-122.00390339,4
2012,2012-03-26,1544,3,1,15,1,N,B,N,A,H,A,A,01,S,09,D,,,,,C,N,N,D,1,0,0,0,21804.0,3,36.92177589,-121.76124309,3
2012,2012-04-18,1720,4,1,17,3,N,A,Y,A,H,A,A,01,N,08,B,,Y,,,G,N,N,D,1,0,1,0,22107.0,2,36.91592824,-121.76833167,3
2012,2012-04-06,39,4,1,0,5,N,A,Y,A,H,C,A,01,N,03,C,,,,,C,Y,N,A,2,0,0,0,22350.0,2,37.06085187,-122.07985201,4
2012,2012-04-04,1416,4,1,14,3,N,A,Y,A,H,A,A,01,S,03,C,,,,,C,Y,N,A,3,0,0,0,22350.0,3,36.98383943,-121.95059873,3
2012,2012-04-04,1235,4,1,12,3,N,A,Y,A,H,A,A,01,S,01,B,,,,Y,C,N,N,D,1,0,0,0,23152.0,2,37.00801531,-122.18852441,3
2012,2012-03-23,1815,3,1,18,5,N,A,N,A,H,A,D,22,N,03,C,,,,,C,Y,N,D,1,0,0,0,22350.0,2,37.04585255,-121.93872865,4
2012,2012-03-13,755,3,1,7,2,N,C,N,B,H,A,L,04,W,03,E,,Y,,,J,N,N,D,1,0,1,0,22350.0,1,,,4
2012,2012-03-19,1930,3,1,19,1,N,A,N,A,H,C,L,04,S,17,B,,Y,,,G,N,N,D,1,0,1,0,21200.0,2,36.9759565,-121.9565491,3
2012,2012-03-27,2115,3,1,21,2,N,C,N,B,H,D,A,07,S,08,E,,,,,I,Y,N,D,1,0,0,0,22107.0,1,37.02668101,-121.99579775,3
2012,2012-03-22,1402,3,1,14,4,N,A,N,A,H,A,L,04,S,09,H,,Y,,,G,N,N,A,1,0,1,0,21804.0,2,36.96339372,-121.96950457,4
2012,2012-03-30,1334,3,1,13,5,N,A,N,A,H,A,L,04,S,08,F,,Y,,,A,N,N,D,1,0,1,0,22107.0,1,37.0878079,-121.95094288,3
2012,2012-03-29,1656,3,1,16,4,N,B,N,A,H,A,A,01,N,09,D,,,,,C,Y,N,A,1,0,0,0,21802.0,2,37.04247131,-122.04964011,4
2012,2012-03-24,1316,3,1,13,6,N,B,N,B,H,A,A,01,W,03,C,,,,,C,Y,N,D,2,0,0,0,22350.0,2,37.05533037,-122.06191216,4
2012,2012-03-18,910,3,1,9,7,N,B,N,C,H,A,A,01,E,03,E,,,,,I,Y,N,D,1,0,0,0,22350.0,1,37.0784178,-122.1336928,3
2012,2012-03-18,1540,3,1,15,7,N,B,N,A,H,A,A,01,W,08,E,,,,,I,Y,N,D,1,0,0,0,22107.0,1,36.97310082,-121.76660347,4
2012,2012-03-23,1125,3,1,11,5,N,A,N,A,H,A,N,60,S,11,G,Y,,,,B,N,N,D,1,1,0,0,21950.0,2,36.93923702,-121.77030303,3
2012,2012-04-13,1944,4,1,19,5,N,A,N,A,H,A,-,- ,N,00,G,Y,,,,B,N,F,D,1,1,0,0,,2,36.96888022,-122.01470993,3
2012,2012-04-11,1358,4,1,13,3,Y,B,N,A,H,A,L,04,,12,D,,Y,,,G,N,N,A,1,0,1,0,21453.0,2,36.973435,-122.02363306,3
2012,2012-04-15,1925,4,1,19,7,N,A,Y,A,H,B,A,07,N,03,C,,,,,C,N,N,D,1,0,0,0,22350.0,2,36.96932956,-122.037431,4
2012,2012-04-04,1730,4,1,17,3,N,A,N,A,H,A,A,01,N,08,D,,Y,,,G,N,N,D,1,0,1,0,21717.0,2,36.96246418,-122.0251569,4
2012,2012-04-15,1451,4,1,14,7,N,A,N,A,H,A,A,01,S,03,C,,,,,C,N,N,A,3,0,0,0,22350.0,3,36.97746694,-121.96501061,4
2012,2012-04-11,1505,4,1,15,3,N,B,N,A,H,A,A,01,W,03,C,,,,,C,Y,N,D,1,0,0,0,22350.0,4,36.97400781,-121.97464313,4
2012,2012-04-13,1620,4,1,16,5,Y,B,N,A,H,A,A,07,,09,D,,,,,C,Y,N,A,1,0,0,0,21800.0,2,36.98777492,-121.96065292,4
2012,2012-04-09,1527,4,1,15,1,N,A,N,A,H,A,A,07,N,03,C,,,,,C,N,N,A,1,0,0,0,22350.0,2,36.98423089,-121.96479419,4
2012,2012-04-08,1305,4,1,13,7,N,A,N,A,H,A,A,07,N,01,C,,,,,C,Y,F,D,1,0,0,0,23152.0,3,37.01601014,-122.03476163,3
2012,2012-04-12,920,4,1,9,4,N,B,N,A,H,A,A,01,E,03,C,,,,,C,N,N,D,1,0,0,0,22350.0,2,36.9849837,-121.86221166,4
2012,2012-04-03,2345,4,1,23,2,N,A,N,A,H,D,A,01,S,01,G,Y,,,,B,Y,N,D,1,1,0,0,23152.0,2,36.97183957,-121.87897122,4
2012,2012-03-18,2050,3,1,20,7,N,A,N,A,H,D,A,01,N,08,E,,,,,I,N,N,D,1,0,0,0,22107.0,1,37.0032883,-121.94080622,4
2012,2012-04-04,1733,4,1,17,3,N,A,Y,A,H,A,A,07,N,08,E,,,,,I,Y,N,D,1,0,0,0,22107.0,1,37.06724856,-122.08057726,3
2012,2012-04-10,1337,4,1,13,2,N,B,Y,B,H,A,A,01,W,08,F,,,,,I,Y,N,D,1,0,0,0,22107.0,1,36.90650306,-121.61369879,4
2012,2012-04-09,1740,4,1,17,1,N,B,Y,A,D,A,C,02,N,03,C,,,Y,,C,Y,N,D,1,0,0,1,22350.0,2,36.98757621,-121.98948274,4
2012,2012-04-13,725,4,1,7,5,N,C,Y,B,H,A,A,01,S,03,E,,,,,I,Y,N,D,1,0,0,0,22350.0,1,37.11616142,-121.97581058,3
2012,2012-04-05,2138,4,1,21,4,N,A,Y,A,H,D,A,01,S,03,C,,,,,C,Y,N,D,1,0,0,0,22350.0,3,36.98566114,-121.98027307,4
2012,2012-04-01,735,4,1,7,7,N,A,Y,B,H,A,A,01,N,03,E,,,,,I,Y,N,D,1,0,0,0,22350.0,1,37.09924168,-121.97607816,4
2012,2012-04-14,1420,4,1,14,6,N,A,Y,A,H,A,A,01,N,03,C,,,,,C,N,N,D,1,0,0,0,22350.0,2,36.98407179,-121.93625849,4