ACCIDENT_YEAR,COLLISION_DATE,COLLISION_TIME,MONTH,SEASON,24HOURS,DAY_OF_WEEK,INTERSECTION,WEATHER_1,STATE_HWY_IND,ROAD_SURFACE,ROAD_COND_1,LIGHTING,STWD_VEHTYPE_AT_FAULT,CHP_VEHTYPE_AT_FAULT,DIRECTION,PCF_VIOL_CATEGORY,TYPE_OF_COLLISION,PEDESTRIAN_ACCIDENT,BICYCLE_ACCIDENT,MOTORCYCLE_ACCIDENT,TRUCK_ACCIDENT,MVIW,TOW_AWAY,HIT_AND_RUN,CONTROL_DEVICE,NUMBER_INJURED,COUNT_PED_INJURED,COUNT_BICYCLIST_INJURED,COUNT_MC_INJURED,PCF_VIOLATION,PARTY_COUNT,POINT_Y,POINT_X,COLLISION_SEVERITY
2014,2014-06-07,1810,6,2,18,6,N,A,Y,A,H,A,A,08,N,03,C,,,,,C,N,N,A,4,0,0,0,22350.0,3,36.98993663,-122.021825,4
2014,2014-06-06,1628,6,2,16,5,N,A,N,A,H,A,-,- ,W,00,E,,,,,I,N,M,D,1,0,0,0,,1,36.96618518,-122.0274912,3
2014,2014-06-06,1312,6,2,13,5,N,A,N,A,H,A,A,07,E,17,B,,Y,,,G,N,N,D,1,0,1,0,22517.0,2,36.97191323,-122.03330905,3
2014,2014-06-07,1924,6,2,19,6,Y,A,N,A,H,A,L,04,,08,D,,Y,,,G,N,N,A,1,0,1,0,22107.0,2,36.97808,-122.02077993,3
2014,2014-06-10,1730,6,2,17,2,N,A,N,A,H,A,A,07,E,09,D,,Y,,,G,N,N,D,1,0,1,0,21801.0,2,36.96884984,-122.02801593,3
2014,2014-06-15,126,6,2,1,7,N,A,N,A,B,D,L,04,N,03,E,,Y,,,J,N,N,D,1,0,1,0,22350.0,1,36.96259417,-122.05679656,3
2014,2014-06-12,1226,6,2,12,4,N,A,N,A,H,A,A,07,N,08,C,,Y,,,G,N,N,D,1,0,1,0,22107.0,2,37.04540116,-122.02154046,3
2014,2014-06-03,1319,6,2,13,2,Y,A,N,A,H,A,A,01,,21,D,,,,,C,Y,N,A,1,0,0,0,22106.0,2,36.93846005,-121.77075994,3
2014,2014-05-07,1651,5,1,16,3,N,A,N,A,H,A,A,01,N,03,C,,,,,C,Y,N,D,2,0,0,0,22350.0,2,36.92864549,-121.77580636,4
2014,2014-05-01,55,5,1,0,4,N,A,N,A,H,D,A,01,S,01,E,,,,,I,Y,N,D,1,0,0,0,23152.0,1,36.9661292,-121.98595588,3
2014,2014-04-23,950,4,1,9,3,Y,A,N,A,H,A,A,07,,09,D,,,,,C,Y,N,D,1,0,0,0,21804.0,2,37.16503005,-122.07471995,3
2014,2014-04-24,1200,4,1,12,4,N,A,N,A,H,A,A,01,N,01,A,,,,,D,Y,N,D,1,0,0,0,23152.0,2,36.97725086,-121.98259975,2
2014,2014-04-09,130,4,1,1,3,N,A,N,A,H,D,A,01,N,08,E,,,,,I,Y,N,D,1,0,0,0,22107.0,1,37.12192224,-122.15928108,3
2014,2014-04-24,1500,4,1,15,4,N,A,N,A,H,A,A,01,W,03,E,,,,,I,Y,F,D,1,0,0,0,22350.0,1,36.99101479,-121.86322689,3
2014,2014-04-10,900,4,1,9,4,N,A,N,A,H,A,C,02,S,08,F,,,Y,,A,Y,N,D,1,0,0,1,22107.0,1,,,2
2014,2014-04-25,320,4,1,3,5,N,B,N,B,H,C,A,07,E,01,E,,,,,I,Y,N,D,1,0,0,0,23152.0,1,37.04361495,-122.05256711,2
2014,2014-04-16,1517,4,1,15,3,N,A,N,A,H,A,A,01,S,17,B,,Y,,,G,N,N,D,1,0,1,0,22517.0,2,36.96453704,-121.89810634,3
2014,2014-04-25,1650,4,1,16,5,Y,A,N,A,H,A,A,07,,09,D,,,,,C,N,N,A,1,0,0,0,21800.0,2,36.97298003,-121.9038999,4
2014,2014-04-09,1940,4,1,19,3,N,A,N,A,H,E,L,04,N,03,E,,Y,,,I,N,N,D,1,0,1,0,22350.0,1,36.98291975,-121.87159029,3
2014,2014-04-26,2000,4,1,20,6,N,B,N,A,H,D,A,01,N,08,E,,,,,I,N,N,A,1,0,0,0,22107.0,1,37.07255717,-122.12791243,3
2014,2014-04-16,1520,4,1,15,3,N,A,N,A,H,A,A,01,N,21,C,,,,,C,N,N,D,1,0,0,0,22106.0,2,36.97848723,-121.99228117,4
2014,2014-04-27,1135,4,1,11,7,Y,A,N,A,H,A,A,01,,09,D,,,,,C,Y,N,A,1,0,0,0,21453.0,2,36.98719007,-121.95115992,2
2014,2014-04-16,1920,4,1,19,3,N,A,N,A,H,A,A,01,W,10,G,Y,,,,B,N,N,A,1,1,0,0,21950.0,2,36.97245005,-121.99579148,3
2014,2014-04-28,1605,4,1,16,1,N,A,N,A,H,A,A,01,E,09,D,,,,,C,Y,N,D,1,0,0,0,21801.0,2,36.97612905,-121.98405653,4
2014,2014-04-18,1700,4,1,17,5,N,A,N,A,H,A,-,- ,N,18,H,,,Y,,H,Y,N,D,1,0,0,1,,1,37.10834065,-122.14502841,4
2014,2014-04-18,1345,4,1,13,5,N,A,N,A,H,A,L,04,W,08,F,,Y,,,A,N,N,D,1,0,1,0,22107.0,1,36.96347777,-121.97581091,3
2014,2014-04-22,1537,4,1,15,2,Y,A,N,A,H,A,A,01,,08,B,,,Y,,C,N,N,D,1,0,0,1,22100.0,2,36.98750008,-121.95244992,3
2014,2014-04-12,1817,4,1,18,6,Y,A,N,A,H,A,A,01,,10,G,Y,,,,B,N,N,A,1,1,0,0,21950.0,2,36.92498009,-121.76325997,4
2014,2014-04-21,1859,4,1,18,1,Y,B,N,A,H,A,A,01,,09,D,,,,,C,Y,N,D,1,0,0,0,21802.0,2,36.95805006,-122.03044987,4
2014,2014-04-26,1529,4,1,15,6,N,A,Y,A,H,A,A,01,N,01,C,,,,,C,Y,N,A,2,0,0,0,23153.0,2,36.97440634,-122.03423115,4
2014,2014-04-19,1230,4,1,12,6,Y,A,Y,A,H,A,A,01,,- ,D,,,,,C,Y,N,A,1,0,0,0,,2,36.98443738,-122.0297772,4
2014,2014-06-18,934,6,2,9,3,N,A,N,A,H,A,D,22,N,03,C,,,,,C,Y,N,A,4,0,0,0,22350.0,2,36.98500775,-122.02342457,4
2014,2014-06-14,211,6,2,2,6,N,A,N,A,H,C,-,- ,E,00,E,,Y,,,I,N,N,D,1,0,1,0,,1,36.9834352,-121.99440488,2
2014,2014-06-13,2243,6,2,22,5,N,A,N,A,H,C,L,04,W,08,D,,Y,,,G,N,N,A,1,0,1,0,22107.0,2,36.96873912,-122.01675122,2
2014,2014-06-14,1244,6,2,12,6,Y,A,Y,A,H,A,A,07,,22,G,Y,,,,B,N,N,D,1,1,0,0,,2,36.98491391,-122.02807245,3
2014,2014-06-19,121,6,2,1,4,N,-,N,A,H,C,-,- ,W,00,-,Y,,,,B,N,N,D,1,1,0,0,,2,36.97322135,-122.02470043,2
2014,2014-02-14,215,2,4,2,5,N,B,N,A,H,D,A,01,N,01,E,,,,,I,N,N,D,1,0,0,0,23152.0,1,37.07469901,-121.93866956,4
2014,2014-05-31,1729,5,1,17,6,N,A,N,A,H,A,C,02,W,01,D,,,Y,,C,Y,N,D,2,0,0,1,23152.0,2,37.12882522,-122.11514857,2
2014,2014-05-13,900,5,1,9,2,N,A,N,A,H,A,A,01,N,03,B,,,,,C,Y,N,A,2,0,0,0,22350.0,4,36.94125977,-121.76935585,4
2014,2014-05-26,1842,5,1,18,1,N,A,N,A,H,A,A,01,N,01,A,,,,,C,Y,F,D,3,0,0,0,23152.0,2,37.03077511,-121.98752016,2
2014,2014-05-28,1730,5,1,17,3,N,A,N,A,H,A,A,08,N,08,B,,Y,,,G,N,N,D,1,0,1,0,22107.0,2,36.9762028,-121.99362929,3
2014,2014-05-25,1535,5,1,15,7,Y,A,N,A,H,A,N,60,,11,G,Y,,,,B,N,N,A,1,1,0,0,21456.0,2,37.04589004,-122.02810987,3
2014,2014-06-04,2201,6,2,22,3,Y,A,N,A,H,C,D,22,,08,A,,,,,C,Y,N,A,1,0,0,0,22107.0,3,36.97325,-122.02453996,4
2014,2014-06-22,1728,6,2,17,7,N,A,N,A,H,A,A,01,W,21,H,,,,,C,N,N,D,1,0,0,0,22106.0,2,36.98112762,-122.02257164,4
2014,2014-03-02,1815,3,1,18,7,N,B,N,B,H,D,L,04,E,01,E,,Y,,,I,N,N,D,1,0,1,0,21200.0,1,36.95856179,-121.96841112,4
2014,2014-06-22,1751,6,2,17,7,N,A,N,A,H,A,L,04,S,08,H,,Y,,,-,N,N,A,1,0,1,0,22107.0,1,36.97519218,-121.9503033,2
2014,2014-06-15,1723,6,2,17,7,N,A,N,A,H,A,L,04,N,03,H,,Y,,,J,N,N,D,1,0,1,0,22350.0,1,36.97467332,-121.96949975,3
2014,2014-06-24,2223,6,2,22,2,N,A,Y,A,H,C,A,01,S,03,C,,,,,C,N,N,D,1,0,0,0,22350.0,2,36.96482273,-122.04191993,4
2014,2014-07-07,1312,7,2,13,1,N,A,N,A,H,A,A,01,W,03,C,,,,,C,Y,N,D,2,0,0,0,22350.0,3,36.92331334,-121.78116891,4
2014,2014-06-30,2142,6,2,21,1,N,A,N,A,H,C,C,02,S,01,B,,Y,Y,,G,N,N,A,3,0,1,2,23153.0,2,36.97293229,-122.01810592,3
2014,2014-06-23,1745,6,2,17,1,Y,A,N,A,H,A,L,04,,05,D,,Y,,,G,N,N,D,1,0,1,0,21460.0,2,36.96336004,-121.99512992,3
2014,2014-06-26,2325,6,2,23,4,N,A,N,A,H,D,D,22,N,01,F,,,,,A,Y,N,D,1,0,0,0,23152.0,1,36.98105382,-121.88740631,4
2014,2014-06-16,1750,6,2,17,1,N,A,N,A,H,A,D,22,E,03,E,,,,,I,Y,N,D,1,0,0,0,22350.0,1,36.97353693,-121.76721539,3
2014,2014-06-09,1540,6,2,15,1,N,A,N,A,H,A,D,22,W,06,B,,Y,,,G,N,F,D,1,0,1,0,21750.0,2,36.99278892,-121.86202587,2
2014,2014-06-20,1615,6,2,16,5,Y,A,N,A,H,A,A,01,,09,D,,,,,C,N,N,A,1,0,0,0,21801.0,2,36.98761006,-121.96955986,4
2014,2014-06-01,10,6,2,0,7,N,B,N,A,H,C,D,22,W,01,C,,,,,C,Y,M,D,1,0,0,0,23152.0,2,36.96776351,-121.99930856,3
2014,2014-06-10,1700,6,2,17,2,N,A,Y,A,H,A,A,07,N,03,C,,,,,C,Y,N,D,3,0,0,0,22350.0,2,36.97529412,-121.88823704,4
2014,2014-06-09,1725,6,2,17,1,N,A,Y,A,H,A,C,02,N,03,C,,,Y,,C,N,M,D,1,0,0,0,22350.0,2,36.98850617,-122.01167803,4
2014,2014-06-04,830,6,2,8,3,Y,A,Y,A,H,A,D,22,,09,D,,,,Y,C,Y,N,A,1,0,0,0,21801.0,3,37.0954877,-121.97648552,3
2014,2014-06-05,2320,6,2,23,4,N,B,Y,B,D,C,E,22,S,07,C,,,,,C,Y,N,D,1,0,0,0,21658.0,2,36.97651549,-121.90738568,4
2014,2014-06-29,1325,6,2,13,7,N,A,Y,A,H,A,A,01,N,03,C,,,,,C,N,N,D,1,0,0,0,22350.0,2,36.99012218,-122.02174945,4
2014,2014-06-16,1650,6,2,16,1,N,A,Y,A,H,A,A,01,S,08,F,,,,,A,Y,N,D,1,0,0,0,22107.0,1,36.98377235,-121.93161877,3
2014,2014-06-14,42,6,2,0,6,N,A,Y,A,H,C,A,01,S,01,E,,,,,I,Y,N,D,1,0,0,0,23152.0,1,37.07715825,-121.98216168,3
2014,2014-06-17,1440,6,2,14,2,N,A,Y,A,H,A,A,07,S,08,E,,,,,I,Y,N,D,1,0,0,0,22107.0,1,36.98725119,-122.0227538,3
2014,2014-06-09,822,6,2,8,1,N,B,N,A,H,A,A,01,S,08,E,,,,,I,Y,N,D,1,0,0,0,22107.0,1,37.09233329,-122.05298,4
2014,2014-06-21,1323,6,2,13,6,N,A,Y,A,H,A,-,99,S,04,C,,,,,C,N,F,D,3,0,0,0,21703.0,4,36.99910911,-122.02149867,4
2014,2014-06-09,1645,6,2,16,1,N,A,Y,A,H,A,A,01,N,03,C,,,,,C,Y,N,D,1,0,0,0,22350.0,3,36.98828544,-122.00554726,4
2014,2014-06-18,1410,6,2,14,3,N,A,Y,A,H,A,A,01,N,03,C,,,,,C,Y,N,D,1,0,0,0,22350.0,3,36.98769541,-121.99063187,4
2014,2014-06-12,1410,6,2,14,4,N,A,Y,A,H,A,C,02,N,08,F,,,Y,,A,Y,N,D,1,0,0,1,22107.0,1,37.00448303,-122.04123678,4
2014,2014-06-11,1846,6,2,18,3,N,A,N,A,H,A,A,07,S,09,D,,,,,C,N,N,D,1,0,0,0,21804.0,2,37.0273841,-121.94947201,4
2014,2014-06-11,915,6,2,9,3,N,B,Y,B,H,A,A,01,S,08,E,,,,,I,N,N,-,2,0,0,0,22107.0,1,37.03126391,-122.06486764,4
2014,2014-06-20,620,6,2,6,5,Y,B,N,A,H,A,A,07,,09,D,,,,,C,Y,N,A,1,0,0,0,21802.0,2,36.96045006,-121.76495993,4
2014,2014-06-13,1120,6,2,11,5,N,A,Y,A,H,A,A,08,N,03,C,,,,,C,Y,N,D,1,0,0,0,22350.0,2,36.99133656,-122.02065545,4
2014,2014-06-16,1800,6,2,18,1,N,A,N,A,H,A,A,01,N,03,C,,,,,C,Y,N,D,3,0,0,0,22350.0,3,36.93640499,-121.74506496,3
2014,2014-06-10,2300,6,2,23,2,N,A,N,A,H,D,-,- ,E,00,G,Y,,,,B,N,F,D,1,1,0,0,,2,37.08264898,-122.06412418,2
2014,2014-06-17,1250,6,2,12,2,N,A,N,A,H,A,C,02,W,09,D,,,Y,,C,N,N,A,1,0,0,1,21804.0,2,37.01199974,-122.0317414,4
2014,2014-06-10,900,6,2,9,2,N,A,N,A,H,A,A,07,E,08,E,,,,,I,Y,N,D,2,0,0,0,22107.0,1,37.08115528,-122.13976197,4
2014,2014-06-15,1530,6,2,15,7,N,A,Y,A,H,A,A,01,E,09,A,,,,,D,Y,N,D,2,0,0,0,21661.0,2,37.19489023,-122.17819346,4
2014,2014-06-02,640,6,2,6,1,N,E,Y,B,H,A,A,01,S,08,E,,,,,I,Y,N,D,1,0,0,0,22107.0,1,37.10442191,-122.10458209,4
2014,2014-06-01,1715,6,2,17,7,N,A,Y,A,H,A,C,02,S,01,C,,,Y,,C,Y,N,D,2,0,0,2,23152.0,2,36.98284129,-121.96413798,2
2014,2014-06-06,1740,6,2,17,5,N,A,Y,A,H,A,A,07,S,03,C,,,,,C,N,N,D,2,0,0,0,22350.0,2,36.98698043,-121.98607798,4
2014,2014-06-08,1100,6,2,11,7,N,A,Y,A,H,A,A,01,N,03,C,,,,,C,N,N,D,1,0,0,0,22350.0,2,36.97540428,-121.88803564,4
2014,2014-06-07,1340,6,2,13,6,N,A,N,A,H,A,A,01,E,03,C,,,,,C,Y,N,D,1,0,0,0,22350.0,2,37.14452815,-121.98523545,4
2014,2014-06-14,1210,6,2,12,6,N,A,Y,A,H,A,A,01,N,03,C,,,,,C,Y,N,D,2,0,0,0,22350.0,2,37.00131168,-122.0211539,4
2014,2014-06-21,2017,6,2,20,6,N,A,N,A,H,A,A,01,N,01,E,,,,,I,Y,N,D,1,0,0,0,23152.0,1,36.95114431,-121.77395146,2
2014,2014-06-21,340,6,2,3,6,N,A,N,A,H,D,A,01,N,01,E,,,,,I,Y,M,D,1,0,0,0,23152.0,1,37.06349721,-122.06483495,3
2014,2014-06-05,735,6,2,7,4,N,A,N,A,H,A,A,08,S,09,D,,,,,C,N,N,D,2,0,0,0,21804.0,2,36.98710521,-121.9783908,3
2014,2014-06-02,805,6,2,8,1,Y,B,N,A,H,A,A,07,,09,D,,Y,,,G,N,N,A,1,0,1,0,21802.0,2,36.97595007,-121.99377987,3
2014,2014-06-08,1638,6,2,16,7,N,A,N,A,H,A,A,01,W,05,D,,,,,C,Y,N,A,1,0,0,0,21460.0,2,36.97609866,-121.9170342,4
2014,2014-06-21,2038,6,2,20,6,N,A,N,A,H,B,C,02,N,01,F,,,Y,,A,Y,N,D,1,0,0,1,23152.0,1,37.00596143,-121.95295461,3
2014,2014-06-01,2325,6,2,23,7,N,B,N,A,H,D,A,01,S,08,E,,,,,I,Y,N,D,1,0,0,0,22107.0,1,36.96692253,-121.80734,4
2014,2014-06-17,1330,6,2,13,2,N,A,N,A,H,A,-,99,S,21,G,Y,,,,B,N,M,D,1,1,0,0,22106.0,2,36.98845945,-121.97795622,4
2014,2014-07-02,1741,7,2,17,3,N,A,N,A,H,A,D,22,N,09,H,,Y,,,G,N,N,D,1,0,1,0,21804.0,2,37.05931467,-122.00977118,3
2014,2014-07-11,1655,7,2,16,5,N,A,Y,A,H,A,D,22,W,03,C,,,,,C,N,N,A,1,0,0,0,22350.0,2,36.91076498,-121.75620585,4
2014,2014-07-07,1814,7,2,18,1,N,B,Y,A,H,A,A,01,E,09,D,,,,,C,Y,N,D,3,0,0,0,21804.0,2,36.91821901,-121.74935074,4
2014,2014-07-01,1430,7,2,14,2,N,A,N,A,H,A,A,08,S,08,E,,,,,I,Y,N,D,1,0,0,0,22107.0,1,37.01479933,-122.02593162,4
2014,2014-07-01,605,7,2,6,2,Y,B,Y,A,H,A,A,01,,09,D,,,,,C,Y,N,A,1,0,0,0,21802.0,2,36.89509519,-121.7722585,4
2014,2014-07-24,1004,7,2,10,4,Y,A,Y,A,H,A,A,01,,09,D,,,,,C,Y,N,A,1,0,0,0,21453.0,2,36.91868788,-121.78403598,4
2014,2014-08-01,1949,8,2,19,5,N,B,Y,A,H,B,J,48,W,08,D,,,,,C,Y,N,D,2,0,0,0,22107.0,2,36.91910514,-121.71987817,3
2014,2014-07-11,1929,7,2,19,5,N,A,N,A,H,B,-,- ,E,00,E,,,,,I,Y,N,D,1,0,0,0,,1,36.98154051,-122.00045318,4
2014,2014-07-14,1332,7,2,13,1,N,B,N,A,H,A,G,25,W,03,C,,,,Y,C,N,N,D,1,0,0,0,22350.0,2,36.90781163,-121.76170593,4
2014,2014-05-16,1157,5,1,11,5,N,A,N,A,H,A,A,07,W,03,C,,,,,C,N,N,D,1,0,0,0,22350.0,2,36.91980749,-121.78320381,4
2014,2014-06-26,1316,6,2,13,4,N,A,N,A,H,A,A,01,S,08,D,,Y,,,G,N,N,A,1,0,1,0,22107.0,2,36.96891636,-122.02724794,4
2014,2014-06-29,2334,6,2,23,7,N,A,N,A,H,C,A,01,E,05,B,,,,,E,Y,N,D,1,0,0,0,21650.0,2,36.96852062,-122.04273717,3
2014,2014-04-19,1840,4,1,18,6,Y,A,N,A,H,A,A,01,,03,E,,,,,I,Y,N,A,1,0,0,0,22350.0,1,36.94032001,-121.78144993,3
2014,2014-07-12,1250,7,2,12,6,Y,A,N,A,H,A,A,01,,09,D,,,,,C,Y,N,A,1,0,0,0,21802.0,2,36.92896002,-121.76691986,4
2014,2014-07-01,1745,7,2,17,2,Y,A,N,A,H,A,A,01,,09,A,,,,,C,Y,N,A,1,0,0,0,21453.0,3,37.04589004,-122.02810987,3
2014,2014-07-09,548,7,2,5,3,Y,B,Y,B,H,A,-,- ,,00,D,,,,,C,N,N,A,3,0,0,0,,2,36.91747099,-121.77703497,4
2014,2014-06-14,1812,6,2,18,6,N,A,N,A,H,A,N,60,E,22,G,Y,,,,B,N,N,D,1,1,0,0,,2,36.92062071,-121.7602542,3
2014,2014-07-12,1729,7,2,17,6,N,A,Y,A,H,A,A,01,S,03,C,,,,,C,Y,N,D,2,0,0,0,22350.0,3,36.98268865,-121.96270499,4
2014,2014-07-28,1233,7,2,12,1,N,A,Y,A,H,A,A,01,N,03,C,,,,,C,N,N,D,2,0,0,0,22350.0,2,37.05144739,-122.0732552,3
2014,2014-07-13,1855,7,2,18,7,Y,A,N,A,H,A,L,04,,09,D,,Y,,,G,N,N,A,1,0,1,0,21804.0,2,36.97979,-122.01062992,3
2014,2014-07-09,135,7,2,1,3,Y,A,N,A,H,C,-,- ,,00,G,Y,,,,B,N,F,A,1,1,0,0,,2,36.97078009,-122.02664989,4
2014,2014-06-29,559,6,2,5,7,N,A,N,A,H,B,A,01,S,05,B,,,,,E,Y,N,D,1,0,0,0,21650.0,2,36.96745867,-122.04176379,4
2014,2014-06-25,1738,6,2,17,3,N,A,N,A,H,A,A,01,N,09,D,,,,,D,Y,N,A,2,0,0,0,21804.0,2,36.97461305,-121.9694946,4
2014,2014-07-15,1842,7,2,18,2,N,A,N,A,H,A,A,01,S,03,C,,,,,D,N,N,A,1,0,0,0,22350.0,2,36.97780157,-121.96499878,4
2014,2014-07-19,1315,7,2,13,6,Y,A,N,A,H,A,L,04,,08,F,,Y,,,-,N,N,A,1,0,1,0,22107.0,1,36.99424011,-122.06342987,3
2014,2014-06-30,1658,6,2,16,1,N,A,N,A,H,A,D,22,E,08,C,,Y,,,G,N,N,D,1,0,1,0,22100.0,2,36.98000079,-122.01014162,4
2014,2014-06-30,238,6,2,2,1,N,A,N,A,H,C,L,04,N,03,G,Y,Y,,,B,N,N,D,1,1,0,0,22350.0,2,36.974626,-122.04663829,3
2014,2014-07-28,1451,7,2,14,1,Y,A,N,A,H,A,A,01,,09,A,,,Y,,C,N,N,D,1,0,0,1,21801.0,2,36.92341006,-121.76186992,4
2014,2014-06-22,2240,6,2,22,7,Y,A,N,A,H,C,A,07,,09,D,,,,,C,Y,N,A,3,0,0,0,21453.0,2,36.96932007,-122.02377988,3
2014,2014-07-08,1338,7,2,13,2,N,A,N,A,H,A,D,22,S,21,G,Y,,,,B,N,N,D,1,1,0,0,22106.0,2,36.97699014,-121.90250224,4
2014,2014-06-26,1955,6,2,19,4,N,A,Y,A,H,A,A,01,S,08,C,,,,,E,Y,N,A,2,0,0,0,22107.0,2,36.9872034,-122.02395175,3
2014,2014-06-30,2115,6,2,21,1,N,A,N,A,H,D,N,60,N,11,G,Y,,,,B,N,N,D,1,1,0,0,21954.0,2,36.9718307,-121.89110535,3
2014,2014-06-30,2340,6,2,23,1,N,A,N,A,H,D,D,22,S,01,E,,,,,I,Y,N,D,1,0,0,0,23152.0,1,37.00499492,-121.93933728,3
2014,2014-07-17,1146,7,2,11,4,N,A,Y,A,H,A,D,22,N,03,C,,,,,C,Y,N,A,1,0,0,0,22350.0,3,36.97536076,-121.88767684,4
2014,2014-06-29,1845,6,2,18,7,N,A,N,A,H,A,A,08,E,08,G,Y,,,,B,N,N,D,1,1,0,0,22107.0,2,36.98017387,-121.97781662,4
2014,2014-06-30,1550,6,2,15,1,N,A,N,A,H,A,A,01,N,03,C,,,,,C,N,N,D,1,0,0,0,22350.0,2,36.97847345,-121.98223586,4
2014,2014-06-12,1715,6,2,17,4,Y,A,N,A,H,A,A,01,,03,C,,,,,C,N,N,A,1,0,0,0,22350.0,2,36.97247008,-121.99577988,4
2014,2014-06-27,610,6,2,6,5,N,A,N,A,H,A,A,07,N,03,C,,,,,C,Y,N,D,1,0,0,0,22350.0,2,36.93419864,-121.71018796,4
2014,2014-06-27,2000,6,2,20,5,N,B,N,A,H,A,C,02,S,03,F,,,Y,,A,N,N,D,2,0,0,2,22350.0,1,36.90958299,-121.79037171,3
2014,2014-06-27,2018,6,2,20,5,N,A,N,A,H,A,A,01,N,08,A,,,,,I,N,N,D,1,0,0,0,22107.0,1,36.99290621,-121.94659781,3
2014,2014-06-27,654,6,2,6,5,Y,A,N,A,H,A,A,07,,09,D,,,,,C,Y,N,D,2,0,0,0,21804.0,2,36.93902008,-121.72515988,4
2014,2014-06-28,650,6,2,6,6,N,B,N,A,H,A,A,01,S,03,D,,,,,C,Y,N,D,1,0,0,0,22350.0,2,36.91002693,-121.82910383,4
2014,2014-06-29,2140,6,2,21,7,N,A,N,A,H,C,A,01,N,01,E,,,,,J,Y,M,A,1,0,0,0,23152.0,1,36.97555824,-121.91171587,3
2014,2014-06-30,2151,6,2,21,1,N,A,N,A,H,D,A,01,E,03,E,,,,,I,N,N,D,1,0,0,0,22350.0,1,37.15198896,-122.08257181,3
2014,2014-06-21,1220,6,2,12,6,N,A,N,A,H,A,L,04,E,08,E,,Y,,,I,N,N,D,1,0,1,0,22107.0,1,36.98795956,-121.98494593,3
2014,2014-06-21,1541,6,2,15,6,N,A,N,A,H,A,L,04,E,08,H,,Y,,,G,N,N,D,1,0,1,0,22107.0,2,36.97008424,-121.87364836,3
2014,2014-06-22,155,6,2,1,7,N,A,Y,A,H,D,A,01,N,01,E,,,,,I,Y,N,D,2,0,0,0,23152.0,1,37.08431534,-121.9775229,2
2014,2014-06-28,1142,6,2,11,6,N,A,Y,A,H,A,L,04,N,03,F,,Y,,,A,N,N,D,1,0,1,0,22350.0,1,37.00790335,-122.0470233,4
2014,2014-07-30,1437,7,2,14,3,Y,A,N,A,H,A,A,07,,03,C,,,,,C,N,N,D,2,0,0,0,22350.0,2,36.93757002,-121.77649992,4
2014,2014-07-16,545,7,2,5,3,N,A,N,A,H,B,D,22,N,08,E,,,,,I,Y,F,D,2,0,0,0,22107.0,1,36.90837153,-121.75477521,4
2014,2014-07-08,650,7,2,6,2,N,B,Y,B,H,A,A,01,E,03,C,,,,,C,Y,N,D,1,0,0,0,22350.0,3,36.91228292,-121.74609402,4
2014,2014-07-17,1752,7,2,17,4,N,A,N,A,H,A,A,01,,01,B,,,,,C,Y,F,D,2,0,0,0,23152.0,2,36.97674009,-121.77628985,3
2014,2014-07-17,1510,7,2,15,4,N,A,N,A,H,A,A,01,N,08,E,,,,,I,Y,N,D,1,0,0,0,22107.0,1,37.03789,-122.06704,3
2014,2014-07-06,1500,7,2,15,7,N,A,N,A,H,A,A,07,W,21,H,,,,,C,N,N,D,1,0,0,0,22106.0,2,36.96161272,-121.88212669,4
2014,2014-07-15,1700,7,2,17,2,Y,A,N,A,H,A,A,01,,12,D,,,,,C,Y,N,A,2,0,0,0,22450.0,2,37.13705011,-121.96774986,3
2014,2014-07-15,905,7,2,9,2,Y,A,N,A,H,A,A,01,,09,H,,Y,,,G,N,N,D,1,0,1,0,21801.0,2,36.98864959,-121.98294461,3
2014,2014-07-09,1703,7,2,17,3,N,A,N,A,H,A,A,01,N,08,E,,,,,I,Y,N,D,1,0,0,0,22107.0,1,37.06150906,-122.05668226,4
2014,2014-07-11,1645,7,2,16,5,N,-,N,A,H,A,C,02,N,08,F,,,Y,,A,N,N,D,1,0,0,1,22107.0,1,37.02773669,-122.01905251,4
2014,2014-07-12,1300,7,2,13,6,N,A,N,A,H,A,A,01,W,03,C,,,,,C,Y,N,D,1,0,0,0,22350.0,2,36.97920701,-121.89828688,4
2014,2014-07-02,1000,7,2,10,3,N,B,N,A,H,A,A,01,W,08,E,,,,,I,Y,N,D,1,0,0,0,22107.0,1,37.01366302,-122.11689095,3
2014,2014-07-12,55,7,2,0,6,N,A,N,B,H,D,A,01,N,03,E,,,,,I,Y,N,D,1,0,0,0,22350.0,1,37.03738345,-121.94460891,3
2014,2014-07-04,2040,7,2,20,5,N,A,N,A,H,B,A,07,W,01,E,,,,,I,Y,N,D,2,0,0,0,23152.0,1,,,2
2014,2014-07-10,130,7,2,1,4,N,F,N,B,H,D,A,07,S,03,E,,,,,I,Y,N,D,1,0,0,0,22350.0,1,36.93730358,-121.70792912,4
2014,2014-07-28,1756,7,2,17,1,Y,B,N,A,B,A,L,04,,03,F,,Y,,,A,N,N,A,1,0,1,0,22350.0,1,36.96311003,-121.98018997,2
2014,2014-07-10,1015,7,2,10,4,N,B,N,B,H,A,A,07,W,05,E,,,,,I,Y,N,D,3,0,0,0,21460.0,2,37.04566208,-122.06118923,4
2014,2014-07-01,2339,7,2,23,2,N,A,N,A,H,D,A,01,W,01,E,,,,,I,Y,N,D,1,0,0,0,23152.0,1,36.98552432,-121.86149899,3
2014,2014-07-09,1540,7,2,15,3,N,A,N,A,H,A,A,01,E,08,E,,,,,I,Y,N,D,1,0,0,0,22107.0,1,37.16552142,-122.07396429,4
2014,2014-07-08,735,7,2,7,2,N,B,Y,B,H,A,C,02,S,03,B,,,Y,,C,Y,N,D,1,0,0,1,22350.0,2,36.9674345,-121.86938401,3