ACCIDENT_YEAR,COLLISION_DATE,COLLISION_TIME,MONTH,SEASON,24HOURS,DAY_OF_WEEK,INTERSECTION,WEATHER_1,STATE_HWY_IND,ROAD_SURFACE,ROAD_COND_1,LIGHTING,STWD_VEHTYPE_AT_FAULT,CHP_VEHTYPE_AT_FAULT,DIRECTION,PCF_VIOL_CATEGORY,TYPE_OF_COLLISION,PEDESTRIAN_ACCIDENT,BICYCLE_ACCIDENT,MOTORCYCLE_ACCIDENT,TRUCK_ACCIDENT,MVIW,TOW_AWAY,HIT_AND_RUN,CONTROL_DEVICE,NUMBER_INJURED,COUNT_PED_INJURED,COUNT_BICYCLIST_INJURED,COUNT_MC_INJURED,PCF_VIOLATION,PARTY_COUNT,POINT_Y,POINT_X,COLLISION_SEVERITY
2015,2015-01-24,1500,1,4,15,6,N,A,Y,A,H,A,C,02,S,03,C,,,Y,,C,Y,N,D,1,0,0,1,22350.0,2,36.98785119,-121.9920397,2
2015,2015-01-31,2155,1,4,21,6,N,A,Y,A,H,D,A,01,S,08,E,,,,,I,Y,N,D,3,0,0,0,22107.0,1,37.11852356,-121.97521005,4
2015,2015-01-29,600,1,4,6,4,N,A,Y,A,H,D,A,01,N,08,E,,,,,I,Y,N,D,1,0,0,0,22107.0,1,37.12164065,-121.97452967,2
2015,2015-01-26,1015,1,4,10,1,N,A,Y,A,H,A,A,01,N,03,C,,,,,C,Y,N,D,2,0,0,0,22350.0,3,37.08905391,-122.08857109,4
2015,2015-01-25,1515,1,4,15,7,N,A,Y,A,H,A,A,01,N,03,C,,,,,C,Y,N,D,1,0,0,0,22350.0,2,36.98308976,-121.9580578,4
2015,2015-01-23,1240,1,4,12,5,N,A,Y,A,H,A,A,01,N,08,E,,,,,I,Y,N,D,1,0,0,0,22107.0,1,36.98849962,-122.01149709,4
2015,2015-01-27,1232,1,4,12,2,Y,B,N,A,H,A,A,01,,01,F,,Y,,,A,Y,N,D,1,0,1,0,23152.0,2,36.98838007,-121.95331989,3
2015,2015-01-25,1845,1,4,18,7,Y,A,N,A,H,C,A,07,,12,D,,,,,C,Y,N,A,1,0,0,0,22450.0,2,36.97047007,-121.98095992,4
2015,2015-01-23,1320,1,4,13,5,Y,A,Y,A,H,A,-,- ,,00,A,,,,,C,Y,N,A,2,0,0,0,,2,36.97543193,-121.88828708,3
2015,2015-01-30,1400,1,4,14,5,Y,A,N,A,H,A,A,07,,04,C,,,,,C,N,N,D,1,0,0,0,21703.0,2,36.98634011,-121.99688,4
2015,2015-01-26,900,1,4,9,1,Y,A,N,A,H,A,A,01,,09,D,,,Y,,C,Y,N,A,1,0,0,0,21802.0,2,36.97643002,-122.01678994,4
2015,2015-01-23,1849,1,4,18,5,N,A,N,A,H,C,A,01,S,09,D,,,,,C,Y,N,D,1,0,0,0,21804.0,2,36.93098903,-121.76889349,4
2015,2015-02-02,1550,2,4,15,1,N,A,N,A,H,A,A,08,E,03,C,,,,,C,Y,M,A,1,0,0,0,22350.0,2,36.98582408,-122.03210142,4
2015,2015-02-03,1245,2,4,12,2,N,A,N,A,H,A,A,07,N,01,E,,,,,I,Y,N,D,1,0,0,0,23152.0,1,36.98722114,-121.83280342,2
2015,2015-01-30,700,1,4,7,5,N,B,N,A,H,A,A,08,W,03,G,Y,,,,B,N,N,D,1,1,0,0,22350.0,2,36.96642972,-121.79025764,4
2015,2015-01-29,1755,1,4,17,4,N,A,N,A,H,C,A,01,N,08,H,,Y,,,G,N,N,D,1,0,1,0,22107.0,2,36.96779,-121.9996,4
2015,2015-01-27,1535,1,4,15,2,N,B,N,A,C,A,-,- ,N,18,E,,,,,I,Y,N,D,1,0,0,0,,1,37.00662045,-121.95263782,3
2015,2015-01-27,840,1,4,8,2,N,B,N,A,H,A,A,01,S,08,E,,,,,I,Y,N,D,1,0,0,0,22107.0,1,37.00801519,-122.00201797,3
2015,2015-01-25,1940,1,4,19,7,N,A,N,A,H,C,A,01,W,01,C,,,,,E,Y,N,D,1,0,0,0,23152.0,2,36.94152404,-121.78542731,4
2015,2015-01-20,1445,1,4,14,2,N,A,N,A,H,A,A,01,E,04,C,,,,,C,Y,N,D,1,0,0,0,21703.0,2,36.98620861,-121.98716013,4
2015,2015-01-19,340,1,4,3,1,N,A,N,A,H,C,A,07,N,01,E,,,,,I,Y,M,D,1,0,0,0,23152.0,1,36.97367031,-121.99509931,3
2015,2015-01-15,1435,1,4,14,4,N,A,N,A,H,A,A,01,W,03,H,,Y,,,G,N,N,A,1,0,1,0,22350.0,2,36.96276053,-121.98813937,3
2015,2015-01-30,2358,1,4,23,5,N,A,N,A,H,C,A,07,E,01,E,,,,,I,N,N,D,1,0,0,0,23152.0,1,36.98154025,-122.00045659,3
2015,2015-01-30,904,1,4,9,5,N,A,N,A,H,A,A,07,E,10,G,Y,,,,B,N,N,A,1,1,0,0,21950.0,2,36.96921214,-122.02474963,3
2015,2015-01-29,1730,1,4,17,4,N,A,N,A,H,A,L,04,E,22,F,,Y,,,A,N,N,D,1,0,1,0,,1,36.95290529,-122.03658433,3
2014,2014-10-19,1330,10,3,13,7,N,A,Y,A,H,A,A,07,E,03,C,,,,,C,Y,N,D,1,0,0,0,22350.0,3,36.93817202,-121.74270972,4
2015,2015-01-10,958,1,4,9,6,Y,A,N,A,H,A,A,01,,12,B,Y,,,,B,N,N,A,1,1,0,0,22450.0,2,36.98231002,-121.93780999,4
2015,2015-01-31,1341,1,4,13,6,Y,A,N,A,H,A,L,04,,12,D,,Y,,,G,N,N,A,1,0,1,0,22450.0,2,36.98927009,-122.00231987,3
2015,2015-01-29,2226,1,4,22,4,N,A,N,A,H,D,A,01,W,09,H,,Y,,,G,N,N,D,1,0,1,0,21801.0,2,36.97720814,-122.03668312,3
2015,2015-02-08,1814,2,4,18,7,Y,B,N,B,H,C,A,08,,11,G,Y,,,,B,N,N,A,1,1,0,0,21456.0,2,36.97345007,-122.02363992,3
2015,2015-02-06,1005,2,4,10,5,N,B,N,A,H,A,A,01,N,08,B,,,,,E,Y,N,D,1,0,0,0,22107.0,3,36.97191594,-122.00804,3
2015,2015-01-21,1824,1,4,18,3,N,A,N,A,H,C,A,01,E,08,B,,,,,E,Y,N,D,1,0,0,0,22107.0,2,36.98659464,-122.0312511,4
2015,2015-02-05,1020,2,4,10,4,N,B,N,A,H,A,C,02,S,03,H,,,Y,,J,Y,N,D,1,0,0,1,22350.0,1,,,4
2015,2015-02-05,1608,2,4,16,4,N,A,N,A,H,A,A,01,E,05,B,,,Y,,C,N,N,D,1,0,0,1,21650.0,2,,,4
2015,2015-01-22,1831,1,4,18,4,Y,A,N,A,H,C,C,02,,12,D,,,Y,,C,Y,N,A,1,0,0,1,21453.0,2,36.90534009,-121.75781987,3
2015,2015-01-06,1619,1,4,16,2,N,A,N,A,H,A,A,07,S,08,D,,,,,C,Y,N,D,1,0,0,0,22107.0,2,37.05650966,-122.01154038,4
2015,2015-01-30,1915,1,4,19,5,N,A,N,A,H,C,L,04,W,03,E,,Y,,,J,N,N,D,1,0,1,0,22350.0,1,37.0415721,-122.02433919,3
2015,2015-01-12,1630,1,4,16,1,N,A,N,A,H,A,-,- ,N,00,G,Y,,,,B,N,N,D,1,1,0,0,,2,37.05165766,-122.01428297,4
2015,2015-02-15,2155,2,4,21,7,Y,A,N,A,H,C,A,01,,12,D,,,,,C,Y,N,A,1,0,0,0,21453.0,2,36.93504001,-121.77336992,4
2015,2015-02-10,1026,2,4,10,2,N,A,Y,A,H,A,-,99,N,03,C,,,,,C,N,N,A,1,0,0,0,22350.0,2,36.91512665,-121.76146491,4
2015,2015-02-09,1513,2,4,15,1,N,A,N,A,H,A,-,99,N,07,C,,,Y,,C,N,M,A,1,0,0,1,21658.0,2,36.92658661,-121.76473099,3
2015,2015-02-12,1543,2,4,15,4,N,A,N,A,H,A,A,01,N,08,D,,,,,C,Y,N,D,1,0,0,0,22107.0,2,36.91277906,-121.74661835,4
2015,2015-02-13,1134,2,4,11,5,N,A,Y,A,H,A,A,07,W,10,G,Y,,,,B,Y,N,A,1,1,0,0,21950.0,2,36.91139012,-121.75534745,3
2015,2015-02-12,732,2,4,7,4,Y,A,N,A,H,A,A,07,,10,G,Y,,,,B,N,N,A,1,1,0,0,21950.0,2,36.91376008,-121.77833993,4
2015,2015-02-11,1621,2,4,16,3,Y,A,N,A,H,A,L,04,,06,D,,Y,,,G,N,N,D,1,0,1,0,21755.0,2,36.96494637,-122.02624887,3
2015,2015-02-17,1925,2,4,19,2,N,A,N,A,H,C,D,22,E,03,F,,,,,-,Y,N,D,1,0,0,0,22350.0,1,36.92693869,-121.75602028,4
2015,2015-02-18,1537,2,4,15,3,Y,A,N,A,H,A,L,04,,12,D,,Y,,,G,N,N,A,1,0,1,0,21453.0,2,36.93524006,-121.78146989,3
2014,2014-12-04,747,12,4,7,4,N,B,Y,B,H,A,D,22,S,08,E,,,,,I,Y,N,D,2,0,0,0,22107.0,1,37.14407319,-121.98482122,3
2015,2015-02-28,1215,2,4,12,6,N,B,Y,B,H,A,D,22,N,05,A,,,,,C,Y,N,D,3,0,0,0,21460.0,2,37.06052186,-122.07969684,3
2015,2015-02-27,1630,2,4,16,5,N,B,Y,A,H,A,D,22,N,03,C,,,,,C,N,N,D,1,0,0,0,22350.0,2,36.98656218,-122.02328801,4
2015,2015-02-13,1640,2,4,16,5,N,A,Y,A,H,A,D,22,N,01,E,,,,,I,Y,N,D,1,0,0,0,23152.0,1,37.03628017,-122.02018581,2
2015,2015-03-17,655,3,1,6,2,N,A,Y,A,H,A,D,22,S,07,B,,,Y,,C,N,N,D,1,0,0,1,21658.0,2,36.94980421,-121.85096809,4
2015,2015-03-14,1130,3,1,11,6,N,A,Y,A,H,A,A,01,N,03,C,,,,,C,Y,N,D,1,0,0,0,22350.0,2,36.99051993,-122.02133769,4
2015,2015-03-13,1720,3,1,17,5,N,B,Y,A,H,A,G,27,N,03,C,,,,Y,C,N,N,D,1,0,0,0,22350.0,3,36.98743213,-121.98834158,4
2015,2015-03-11,1000,3,1,10,3,N,B,Y,B,H,A,G,25,W,08,E,,,,Y,I,Y,N,D,1,0,0,0,22107.0,1,36.90385021,-121.60866372,4
2015,2015-03-07,1100,3,1,11,6,Y,A,N,A,H,A,D,22,,06,H,,Y,,,G,N,N,D,1,0,1,0,21750.0,2,37.07441011,-121.93855994,3
2015,2015-03-05,825,3,1,8,4,N,A,N,A,H,A,D,22,W,03,C,,,,,C,Y,N,D,2,0,0,0,22350.0,2,37.08183875,-122.06358875,3
2015,2015-03-10,2000,3,1,20,2,Y,A,Y,A,H,C,D,22,,12,D,,,,,C,Y,N,A,1,0,0,0,21453.0,2,36.97530152,-121.88830923,4
2015,2015-03-10,1205,3,1,12,2,N,B,N,A,H,A,D,22,W,03,C,,,,,C,N,N,D,1,0,0,0,22350.0,2,36.98532694,-121.99004454,4
2015,2015-03-17,640,3,1,6,2,N,B,N,A,H,C,F,26,W,09,H,,,,Y,C,Y,N,D,1,0,0,0,21804.0,2,36.97593804,-121.98335813,4
2015,2015-02-16,1537,2,4,15,1,N,A,Y,A,H,A,A,01,S,04,C,,,,,C,Y,N,D,1,0,0,0,21703.0,2,36.99733372,-122.02081686,4
2015,2015-02-17,1440,2,4,14,2,N,A,Y,A,H,A,C,02,N,03,C,,,Y,,C,Y,N,D,1,0,0,0,22350.0,2,37.12339319,-122.12165665,4
2015,2015-02-13,216,2,4,2,5,N,A,Y,A,D,D,A,07,N,01,C,,,,Y,C,Y,N,D,1,0,0,0,23152.0,2,36.90347273,-121.77975701,4
2015,2015-02-12,2125,2,4,21,4,Y,A,Y,A,H,C,D,22,,09,D,,,,,C,Y,N,D,1,0,0,0,21801.0,2,37.09162925,-122.09553759,4
2015,2015-02-09,718,2,4,7,1,N,B,Y,B,H,A,A,01,S,08,B,,,,Y,C,Y,N,D,1,0,0,0,22107.0,2,37.1171028,-121.97552495,3
2015,2015-02-12,1748,2,4,17,4,N,A,Y,A,H,A,D,22,S,03,C,,,,,C,Y,N,D,1,0,0,0,22350.0,2,36.97580129,-121.90581916,3
2015,2015-02-08,1155,2,4,11,7,Y,B,N,B,H,A,D,22,,09,D,,,,,C,Y,N,B,1,0,0,0,21800.0,2,36.98883009,-121.95457999,4
2015,2015-02-19,820,2,4,8,4,N,B,N,A,H,A,D,22,S,01,E,,,,,I,Y,N,D,1,0,0,0,23152.0,1,37.00417435,-121.8078737,2
2015,2015-02-07,2105,2,4,21,6,N,B,N,B,H,D,A,01,N,01,C,,,,,E,Y,N,D,1,0,0,0,23152.0,2,36.97097301,-121.9039013,4
2015,2015-01-31,1950,1,4,19,6,N,A,N,A,H,C,D,22,S,09,D,,,,,C,N,N,A,2,0,0,0,21804.0,2,36.93970484,-121.77011442,4
2015,2015-02-10,2230,2,4,22,2,N,A,N,A,H,D,D,22,N,08,F,,,,,A,N,N,D,1,0,0,0,22107.0,1,37.1462,-122.15785,3
2015,2015-02-09,1040,2,4,10,1,N,A,N,A,H,A,A,07,E,21,C,,,,,C,N,N,D,1,0,0,0,22106.0,2,36.98786643,-121.98521289,4
2015,2015-02-10,2002,2,4,20,2,Y,A,N,A,H,C,L,04,,01,H,,Y,,,G,Y,N,D,1,0,1,0,21200.0,3,36.98781005,-121.94445989,3
2015,2015-02-12,1514,2,4,15,4,N,A,N,A,H,A,A,01,W,03,C,,,,,C,N,N,D,1,0,0,0,22350.0,2,36.96839427,-122.03252657,4
2015,2015-02-11,1855,2,4,18,3,N,A,N,A,H,C,A,01,E,03,C,,,,,C,Y,N,D,2,0,0,0,22350.0,3,36.95505241,-122.02485861,4
2015,2015-02-03,2117,2,4,21,2,N,A,N,A,H,D,A,01,N,08,E,,,,,E,Y,N,D,1,0,0,0,22107.0,3,36.95951438,-122.04331983,3
2015,2015-02-23,2500,2,4,25,1,Y,A,N,A,H,A,A,01,,09,D,,,,,C,Y,N,A,1,0,0,0,21801.0,2,36.97694006,-122.01593996,4
2015,2015-02-20,1522,2,4,15,5,Y,A,N,A,H,A,L,04,,03,D,,Y,,,G,N,N,D,1,0,1,0,22350.0,2,36.96839006,-122.03239999,3
2015,2015-02-04,55,2,4,0,3,N,B,Y,A,H,D,A,01,N,08,E,,,,,I,Y,N,D,1,0,0,0,22107.0,1,36.93184127,-121.81216154,3
2015,2015-02-08,1050,2,4,10,7,N,B,Y,B,H,A,A,01,S,03,E,,,,,I,Y,N,D,1,0,0,0,22350.0,1,36.91334434,-121.78636001,4
2015,2015-02-08,1340,2,4,13,7,N,B,Y,B,H,A,A,01,N,03,C,,,,,C,N,N,D,1,0,0,0,22350.0,2,37.10555152,-121.97486591,4
2015,2015-02-07,1640,2,4,16,6,N,B,Y,B,H,A,A,01,S,03,E,,,,,I,Y,N,D,1,0,0,0,22350.0,1,37.1171028,-121.97552495,3
2015,2015-02-13,1355,2,4,13,5,N,A,Y,A,B,A,C,02,N,03,F,,,Y,,A,Y,N,D,1,0,0,1,22350.0,1,37.036359,-122.02003853,3
2015,2015-02-16,1408,2,4,14,1,N,A,Y,A,H,A,A,01,S,03,C,,,,,C,N,N,A,1,0,0,0,22350.0,3,36.97779053,-121.90981888,4
2015,2015-02-17,1750,2,4,17,2,N,B,Y,A,H,D,A,01,N,03,C,,,,,C,N,N,D,1,0,0,0,22350.0,2,36.98278162,-121.96629155,4
2015,2015-02-13,1730,2,4,17,5,Y,A,N,A,H,A,-,- ,,00,D,,Y,,,G,N,N,A,1,0,1,0,,2,36.97325,-122.02453996,4
2015,2015-02-11,1320,2,4,13,3,N,A,N,A,H,A,A,01,S,03,C,,,,,C,N,N,D,1,0,0,0,22350.0,3,36.98905451,-121.98052919,4
2015,2015-02-09,820,2,4,8,1,N,A,N,B,H,A,A,08,E,03,C,,,,,C,N,N,D,1,0,0,0,22350.0,2,36.96433,-121.76499,4
2015,2015-02-07,1335,2,4,13,6,N,C,Y,B,H,A,A,01,W,03,D,,,,,C,Y,N,D,1,0,0,0,22350.0,2,37.11981948,-121.97599451,4
2015,2015-02-06,2245,2,4,22,5,N,B,N,B,H,C,A,01,E,01,D,,,,,C,Y,N,D,3,0,0,0,23152.0,2,36.9634697,-121.97283577,3
2015,2015-02-03,1450,2,4,14,2,N,B,N,A,H,A,C,03,E,08,F,,,Y,,A,Y,N,D,1,0,0,1,22107.0,1,36.98635981,-121.98614088,3
2015,2015-02-03,1509,2,4,15,2,Y,A,N,A,H,A,A,01,,09,H,,Y,,,G,N,N,D,1,0,1,0,21801.0,2,36.98500005,-121.9163499,3
2015,2015-02-03,229,2,4,2,2,N,A,N,A,H,D,A,01,S,01,E,,,,,I,Y,N,D,3,0,0,0,23152.0,1,36.98610722,-121.80183221,2
2015,2015-02-02,1702,2,4,17,1,Y,A,Y,A,H,A,A,07,,08,D,,Y,,,G,N,N,A,1,0,1,0,22107.0,2,36.9766934,-121.90811152,3
2015,2015-02-18,500,2,4,5,3,Y,B,Y,A,H,C,A,07,,08,E,,,,,I,Y,N,D,1,0,0,0,22107.0,2,36.98375321,-121.95194582,3
2015,2015-02-18,1758,2,4,17,3,N,A,Y,A,H,B,A,01,N,03,C,,,,,C,Y,N,D,1,0,0,0,22350.0,2,36.98827367,-122.00516753,4
2015,2015-02-20,1405,2,4,14,5,N,A,Y,A,H,A,A,01,N,03,C,,,,,C,N,N,D,2,0,0,0,22350.0,2,36.98808449,-121.99489373,4
2015,2015-02-17,1410,2,4,14,2,N,B,N,A,H,A,L,04,E,08,C,,Y,,,E,N,N,D,1,0,1,0,22107.0,2,36.98751373,-122.03841478,3
2015,2015-02-05,2001,2,4,20,4,N,A,Y,A,H,C,A,01,S,21,C,,,,,C,N,N,A,1,0,0,0,22106.0,2,36.9846323,-122.02949579,4
2015,2015-02-01,1215,2,4,12,7,N,A,Y,A,H,A,C,02,N,03,F,,,Y,,A,Y,N,D,1,0,0,1,22350.0,1,37.01105145,-122.05023808,3
2015,2015-02-01,1205,2,4,12,7,N,A,Y,A,H,A,C,02,E,08,F,,,Y,,A,Y,N,D,1,0,0,1,22107.0,1,36.91028171,-121.75684687,2
2015,2015-02-16,1435,2,4,14,1,N,B,N,A,H,A,C,02,N,03,F,,,Y,,A,Y,N,D,2,0,0,2,22350.0,1,37.02986409,-122.10146409,2
2015,2015-02-15,1000,2,4,10,7,N,A,N,A,H,A,L,04,E,03,F,,Y,,,A,N,N,D,1,0,1,0,22350.0,1,36.9696953,-121.8744943,3
2015,2015-02-14,1335,2,4,13,6,N,A,N,A,H,A,A,01,N,03,C,,,,,C,Y,N,D,2,0,0,0,22350.0,3,37.04637015,-122.05675523,4
2015,2015-02-20,1414,2,4,14,5,N,A,N,A,H,A,A,01,E,21,H,,,,,C,N,N,D,1,0,0,0,22106.0,2,36.9260595,-121.74575537,4
2015,2015-02-14,2206,2,4,22,6,N,A,N,A,H,C,L,04,E,08,H,,Y,,,J,N,N,D,1,0,1,0,22107.0,1,36.9770642,-122.02642692,3
2015,2015-02-14,710,2,4,7,6,N,A,N,A,H,A,A,01,S,01,A,,,,,I,N,N,D,2,0,0,0,23153.0,2,36.97493,-122.0556,2
2015,2015-03-26,850,3,1,8,4,Y,A,N,A,H,A,K,45,,06,B,,,,,C,N,N,A,1,0,0,0,21754.0,2,36.91108007,-121.76641987,4
2015,2015-02-12,1507,2,4,15,4,N,A,N,A,H,A,A,01,N,08,D,,Y,,,G,N,N,D,1,0,1,0,22107.0,2,36.97806735,-122.02566523,3
2015,2015-02-11,211,2,4,2,3,N,A,N,A,B,C,C,02,S,01,E,,,Y,,I,N,N,D,1,0,0,1,23152.0,1,36.97493,-122.0556,2
2015,2015-02-14,5,2,4,0,6,Y,A,N,A,H,C,A,07,,12,D,,,,,C,Y,N,A,3,0,0,0,21453.0,3,36.97959007,-122.02134995,4
2015,2015-03-02,1551,3,1,15,1,Y,A,N,A,H,A,D,22,,09,D,,Y,,,G,N,N,D,1,0,1,0,21800.0,2,36.96494637,-122.02624887,3
2015,2015-02-28,2151,2,4,21,6,N,B,N,A,H,C,A,01,E,01,A,,,,,I,Y,N,A,1,0,0,0,23152.0,1,36.96651509,-122.05709195,2
2015,2015-02-27,1716,2,4,17,5,N,B,N,A,H,A,A,01,E,03,C,,,,,C,N,N,D,1,0,0,0,22350.0,2,36.97862901,-122.01283445,4
2015,2015-02-04,1346,2,4,13,3,N,B,N,A,H,A,A,01,S,03,C,,,,,C,Y,N,A,3,0,0,0,22350.0,2,36.97335461,-121.96737685,4
2015,2015-03-06,1223,3,1,12,5,N,A,N,A,H,A,A,08,W,10,G,Y,,,,B,N,F,D,1,1,0,0,21950.0,2,36.90889937,-121.75602221,4
2015,2015-03-09,1252,3,1,12,1,N,A,Y,A,H,A,A,01,S,03,C,,,,,C,N,N,A,1,0,0,0,22350.0,2,36.91636212,-121.77060883,4
2015,2015-03-11,1108,3,1,11,3,N,B,N,A,H,A,A,07,S,08,D,,,,,C,Y,N,D,1,0,0,0,22102.0,2,36.90763275,-121.76135708,4
2015,2015-03-11,749,3,1,7,3,N,C,N,B,H,A,A,01,E,03,C,,,,,C,N,N,D,1,0,0,0,22350.0,2,36.93093253,-121.79070939,4
2015,2015-03-13,1608,3,1,16,5,N,A,N,A,H,A,L,04,W,09,D,,Y,,,G,N,N,D,1,0,1,0,21804.0,2,36.90902416,-121.75868418,3
2015,2015-02-26,1903,2,4,19,4,N,A,N,A,H,C,N,60,N,11,G,Y,,,,B,N,N,D,1,1,0,0,21954.0,2,36.91628101,-121.76978417,4
2015,2015-03-05,751,3,1,7,4,N,A,N,A,D,A,A,08,E,03,C,,,,,C,N,N,A,2,0,0,0,22350.0,2,36.93763399,-121.77133907,4
2015,2015-03-04,740,3,1,7,3,Y,A,Y,A,H,A,A,01,,03,C,,,,,C,N,N,D,1,0,0,0,22350.0,4,36.91311146,-121.7529644,4
2015,2015-02-15,600,2,4,6,7,N,A,N,A,H,D,A,01,W,08,E,,,,,I,Y,N,D,1,0,0,0,22107.0,1,37.01726401,-121.82384236,3
2015,2015-02-26,1601,2,4,16,4,N,A,N,A,H,A,A,01,E,08,D,,Y,,,G,Y,N,D,1,0,1,0,21717.0,2,36.98226406,-121.9966231,3
2015,2015-02-05,1903,2,4,19,4,N,A,N,A,H,C,A,07,E,01,G,Y,,,,B,Y,F,A,0,0,0,0,23153.0,2,36.96181005,-122.02534332,1
2015,2015-06-26,751,6,2,7,5,N,B,Y,A,H,A,A,01,S,08,E,,,,,I,Y,N,D,0,0,0,0,22107.0,1,36.91932035,-121.78992055,1
2015,2015-03-12,1406,3,1,14,4,Y,A,N,A,H,A,L,04,,12,D,,Y,,,G,N,N,A,1,0,1,0,21453.0,2,36.98168003,-121.99872993,3
2015,2015-03-12,1818,3,1,18,4,N,A,N,A,H,A,L,04,S,03,F,,Y,,,A,N,N,D,1,0,1,0,22350.0,1,36.97706699,-122.02482388,3
2015,2015-03-09,1726,3,1,17,1,Y,A,N,A,H,A,A,01,,09,H,,Y,,,G,N,N,A,1,0,1,0,21802.0,2,36.97751001,-122.03536989,3
2015,2015-03-07,1041,3,1,10,6,Y,A,N,A,D,A,L,04,,03,F,,Y,,,A,N,N,D,1,0,1,0,22350.0,1,36.96283754,-122.02385902,3
2015,2015-03-07,2100,3,1,21,6,N,-,N,A,H,C,-,- ,W,- ,G,Y,,,,B,N,N,A,1,1,0,0,,2,36.99189326,-122.02909047,2
2015,2015-02-21,220,2,4,2,6,N,B,N,A,H,D,A,07,W,01,C,,,,,E,Y,F,D,3,0,0,0,23152.0,2,36.94084239,-121.78793874,2
2014,2014-02-28,130,2,4,1,5,N,B,N,B,H,D,A,01,S,08,E,,,,,I,Y,N,D,1,0,0,0,22107.0,1,37.05180584,-122.11554242,3
2014,2014-02-26,1640,2,4,16,3,N,A,N,A,H,A,A,01,S,08,E,,,,,I,Y,N,D,1,0,0,0,22107.0,1,36.98606225,-121.83332262,4
2015,2015-02-25,1104,2,4,11,3,N,A,N,A,H,A,A,01,E,08,G,Y,,,,B,N,N,A,1,1,0,0,22107.0,2,36.98435398,-121.99218468,2
2015,2015-02-25,908,2,4,9,3,N,A,N,A,H,A,A,01,S,03,C,,,,,C,Y,N,D,1,0,0,0,22350.0,2,36.97734203,-121.86814236,4
2015,2015-02-24,1455,2,4,14,2,Y,A,N,A,H,A,A,01,,21,C,,,,,C,N,N,D,1,0,0,0,22106.0,2,36.95009328,-121.86647505,4
2015,2015-02-25,1947,2,4,19,3,Y,A,N,A,H,C,A,01,,12,A,,,,,C,Y,N,A,2,0,0,0,21453.0,2,36.9841601,-121.95720997,4
2015,2015-03-13,1657,3,1,16,5,N,A,Y,A,H,A,A,01,N,03,B,,Y,,,G,N,N,D,1,0,1,0,22350.0,2,36.96957415,-122.03733073,3
2015,2015-03-15,1115,3,1,11,7,N,A,N,A,H,A,C,03,W,03,D,,,Y,,C,N,N,D,1,0,0,1,22350.0,2,36.95550282,-122.04995779,3
2015,2015-01-06,1913,1,4,19,2,Y,A,Y,A,H,C,A,01,,03,C,,,,,C,Y,N,A,2,0,0,0,22350.0,3,36.98269535,-121.96449949,4
2015,2015-02-27,2131,2,4,21,5,N,B,N,A,H,C,A,01,W,01,C,,,,,C,Y,F,D,1,0,0,0,23153.0,4,36.96231759,-122.0488316,3
2015,2015-02-24,800,2,4,8,2,Y,A,Y,A,H,A,D,22,,09,D,,,,,C,N,M,A,1,0,0,0,21802.0,2,36.91024892,-121.75689037,4
2015,2015-03-04,1850,3,1,18,3,N,A,N,A,H,D,A,01,N,05,A,,,,,C,Y,N,A,3,0,0,0,21460.0,2,36.98708989,-122.05440938,2
2015,2015-02-12,1005,2,4,10,4,N,A,N,A,H,A,D,22,N,03,C,,,,,C,Y,N,D,1,0,0,0,22350.0,3,36.98182924,-121.96451283,4
2015,2015-03-17,844,3,1,8,2,Y,A,N,A,H,A,A,08,,08,H,,Y,,,G,N,N,A,1,0,1,0,22107.0,2,36.98109002,-121.96479998,3
2015,2015-03-13,1602,3,1,16,5,Y,A,N,A,H,A,A,01,,03,D,,,,,C,Y,M,D,1,0,0,0,22350.0,2,36.97282008,-121.95052998,4
2015,2015-03-01,1155,3,1,11,7,N,A,N,A,H,D,A,01,S,08,F,,,,,A,Y,N,D,2,0,0,0,22107.0,1,36.92100292,-121.83697077,2
2015,2015-03-19,1243,3,1,12,4,N,A,N,A,H,A,A,08,E,21,G,Y,,,,B,N,N,D,1,1,0,0,22106.0,2,36.97851324,-121.9529236,4
2015,2015-03-15,1436,3,1,14,7,N,A,N,A,H,A,A,01,,03,C,,,,,C,N,N,A,2,0,0,0,22350.0,3,36.98109002,-121.96479998,4
2015,2015-03-18,810,3,1,8,3,Y,A,N,A,H,A,A,07,,09,D,,,,,C,Y,N,A,2,0,0,0,21802.0,2,36.93427009,-121.78336986,4
2015,2015-03-30,1034,3,1,10,1,N,A,Y,A,H,A,A,07,S,21,C,,,,,C,N,N,A,1,0,0,0,22106.0,2,36.9071173,-121.75337991,4
2015,2015-03-08,359,3,1,3,7,Y,A,Y,A,H,D,A,01,,01,E,,,,,I,Y,N,D,0,0,0,0,23152.0,1,37.13991227,-122.15148302,1
2015,2015-03-01,2000,3,1,20,7,N,A,N,A,H,C,A,01,W,01,A,,,,,C,Y,N,D,4,0,0,0,23152.0,2,36.97734203,-121.86814236,1
2015,2015-02-21,1630,2,4,16,6,N,A,Y,A,D,A,C,02,N,01,E,,,Y,,I,N,N,D,1,0,0,1,23152.0,1,37.10565692,-121.97490007,3
2015,2015-03-07,1844,3,1,18,6,N,A,N,A,H,C,A,01,W,01,H,,Y,,,G,N,M,A,1,0,1,0,23152.0,2,36.96344217,-121.96757116,4
2015,2015-03-18,524,3,1,5,3,N,A,Y,A,H,D,A,01,S,08,E,,,,,I,Y,N,D,1,0,0,0,22107.0,1,37.02900928,-122.02334469,4
2015,2015-03-18,925,3,1,9,3,N,A,N,A,H,A,A,01,W,03,C,,,,,C,Y,N,A,3,0,0,0,22350.0,3,37.03701917,-122.0423975,4