ACCIDENT_YEAR,COLLISION_DATE,COLLISION_TIME,MONTH,SEASON,24HOURS,DAY_OF_WEEK,INTERSECTION,WEATHER_1,STATE_HWY_IND,ROAD_SURFACE,ROAD_COND_1,LIGHTING,STWD_VEHTYPE_AT_FAULT,CHP_VEHTYPE_AT_FAULT,DIRECTION,PCF_VIOL_CATEGORY,TYPE_OF_COLLISION,PEDESTRIAN_ACCIDENT,BICYCLE_ACCIDENT,MOTORCYCLE_ACCIDENT,TRUCK_ACCIDENT,MVIW,TOW_AWAY,HIT_AND_RUN,CONTROL_DEVICE,NUMBER_INJURED,COUNT_PED_INJURED,COUNT_BICYCLIST_INJURED,COUNT_MC_INJURED,PCF_VIOLATION,PARTY_COUNT,POINT_Y,POINT_X,COLLISION_SEVERITY
2015,2015-03-10,1655,3,1,16,2,N,A,N,A,H,A,L,04,E,08,B,,Y,,,G,N,N,D,1,0,1,0,22107.0,3,36.96093,-121.96742,3
2015,2015-03-10,1145,3,1,11,2,N,B,N,A,H,A,A,01,N,08,H,,Y,,,G,N,N,D,1,0,1,0,21717.0,2,36.97172613,-121.98429142,3
2015,2015-03-12,1750,3,1,17,4,N,A,Y,A,H,A,A,01,N,03,C,,,,,C,Y,N,D,1,0,0,0,22350.0,2,36.98392268,-121.93945753,4
2015,2015-03-13,1310,3,1,13,5,N,A,Y,A,H,A,A,01,N,03,C,,,,,C,Y,N,D,1,0,0,0,22350.0,2,37.04171391,-122.07255008,4
2015,2015-03-03,1722,3,1,17,2,N,A,N,A,H,B,A,07,N,04,C,,,,,C,Y,N,D,1,0,0,0,21703.0,3,36.9188277,-121.83525726,4
2015,2015-03-03,1933,3,1,19,2,N,A,N,A,H,D,A,01,W,05,E,,,,,I,N,F,D,1,0,0,0,21460.0,2,36.92309246,-121.81188396,3
2015,2015-03-03,1950,3,1,19,2,N,A,N,A,H,D,A,01,N,03,C,,,,,C,Y,N,D,1,0,0,0,22350.0,2,37.0177902,-122.07944736,4
2015,2015-03-04,1415,3,1,14,3,N,A,N,A,H,A,C,02,S,05,B,,,Y,,C,Y,N,D,1,0,0,1,21460.0,2,37.03116081,-121.94786662,2
2015,2015-03-04,1428,3,1,14,3,N,A,N,A,H,A,L,04,E,07,D,,Y,,,G,N,N,D,1,0,1,0,21658.0,2,36.97366,-121.888,3
2015,2015-03-05,1154,3,1,11,4,N,A,N,A,H,A,A,01,S,03,C,,,,,C,Y,N,D,1,0,0,0,22350.0,2,36.95346604,-121.76492,3
2015,2015-03-08,1038,3,1,10,7,N,A,Y,A,H,A,C,02,N,03,F,,,Y,,A,Y,N,D,1,0,0,1,22350.0,1,37.21259594,-122.14659604,4
2015,2015-03-06,1858,3,1,18,5,N,A,N,A,H,D,L,04,S,17,H,,Y,,,G,Y,N,D,1,0,1,0,21200.0,2,36.96297379,-121.98081794,3
2015,2015-03-09,1315,3,1,13,1,N,A,Y,A,H,A,A,01,S,03,C,,,,,C,Y,N,A,1,0,0,0,22350.0,2,37.00090059,-122.02131558,4
2015,2015-03-14,1200,3,1,12,6,N,A,N,A,H,A,C,02,E,03,C,,,Y,,C,Y,N,D,2,0,0,2,22350.0,2,36.94066769,-121.76773031,3
2015,2015-03-11,705,3,1,7,3,N,C,Y,B,H,B,A,01,S,03,C,,,,,C,N,N,D,1,0,0,0,22350.0,2,36.96961557,-121.87177118,4
2015,2015-03-18,735,3,1,7,3,N,A,N,A,H,A,A,07,S,09,D,,,,,C,Y,N,D,2,0,0,0,21804.0,2,37.09040095,-122.13902727,4
2015,2015-03-02,1843,3,1,18,1,N,A,N,A,H,C,A,07,W,09,D,,,,,C,Y,N,D,1,0,0,0,21804.0,2,36.93984087,-121.77004973,4
2015,2015-03-03,740,3,1,7,2,Y,A,N,A,H,A,A,01,,09,D,,,,,C,Y,N,D,1,0,0,0,21802.0,2,36.96311003,-121.98018997,4
2015,2015-03-03,1540,3,1,15,2,N,A,N,A,H,A,A,07,W,03,C,,,,,C,N,N,A,1,0,0,0,22350.0,2,36.98658175,-121.98673118,4
2015,2015-03-18,1440,3,1,14,3,Y,A,N,A,H,A,-,- ,,00,D,,Y,,,G,N,N,A,1,0,1,0,,2,36.97089011,-122.04037998,3
2015,2015-03-15,1959,3,1,19,7,N,B,N,A,H,C,N,60,N,10,G,Y,,,,B,N,N,D,1,1,0,0,21950.0,2,36.9769,-122.02704,4
2015,2015-03-20,1459,3,1,14,5,Y,A,N,B,H,A,A,07,,12,D,,Y,,,G,N,N,A,1,0,1,0,22450.0,2,36.9717801,-122.03046998,4
2015,2015-02-20,2330,2,4,23,5,N,E,Y,A,H,C,A,07,S,01,C,,,,,C,Y,N,D,4,0,0,0,23152.0,2,36.88700853,-121.77302764,2
2015,2015-02-21,810,2,4,8,6,N,B,Y,A,H,A,A,01,N,01,C,,,,,C,Y,N,D,2,0,0,0,23152.0,2,36.89467744,-121.77423366,4
2015,2015-02-28,1415,2,4,14,6,N,B,Y,B,H,A,A,01,S,08,E,,,,,I,Y,N,D,2,0,0,0,22107.0,1,37.1171028,-121.97552495,3
2015,2015-03-19,1130,3,1,11,4,Y,A,N,A,H,A,D,22,,21,H,,,Y,,C,N,N,D,1,0,0,1,22106.0,2,36.97564003,-121.95021999,4
2015,2015-03-01,1924,3,1,19,7,N,A,N,A,H,D,C,02,W,03,H,,,Y,,A,N,N,A,1,0,0,1,22350.0,1,37.03880849,-122.022931,4
2015,2015-03-14,1533,3,1,15,6,Y,A,N,A,H,A,A,01,,05,E,,,,,I,N,N,A,1,0,0,0,21650.0,1,37.03993,-122.03282987,3
2015,2015-03-10,1445,3,1,14,2,Y,B,N,A,H,A,A,07,,09,D,,,,,C,Y,N,A,2,0,0,0,21804.0,2,37.06070007,-122.00260992,4
2015,2015-03-16,1520,3,1,15,1,N,B,N,A,H,A,A,08,S,03,C,,,,,C,,N,D,1,0,0,0,22350.0,2,37.04537162,-122.02159414,4
2015,2015-03-23,1613,3,1,16,1,N,A,N,A,G,A,L,04,S,09,H,,Y,,,B,N,N,A,1,0,1,0,21804.0,2,36.97373372,-122.03089675,4
2015,2015-03-08,957,3,1,9,7,Y,A,N,A,H,A,A,01,,10,G,Y,,,,B,N,N,A,1,1,0,0,21950.0,2,36.9717801,-122.03046998,3
2015,2015-03-20,1001,3,1,10,5,N,A,Y,A,H,A,N,60,N,11,G,Y,,,,B,N,N,D,1,1,0,0,21954.0,2,36.98378393,-122.03098869,3
2015,2015-04-06,1500,4,1,15,1,N,A,N,A,H,A,F,55,E,21,C,,,,Y,C,N,N,A,1,0,0,0,22106.0,2,36.94100276,-121.76922342,4
2015,2015-03-29,408,3,1,4,7,N,A,Y,A,H,C,D,22,S,01,F,,,,,A,Y,N,D,1,0,0,0,23152.0,1,36.98342856,-121.92912052,3
2015,2015-03-19,800,3,1,8,4,Y,A,N,A,H,A,A,01,,09,D,,,,,C,Y,N,A,1,0,0,0,21802.0,2,36.88301003,-121.79748996,4
2015,2015-03-30,1520,3,1,15,1,N,A,Y,A,H,A,D,22,N,03,C,,,,,C,Y,N,D,1,0,0,0,22350.0,3,36.98303999,-121.96990696,4
2015,2015-03-25,1655,3,1,16,3,N,A,Y,A,H,A,A,07,S,03,C,,,,,C,N,N,A,1,0,0,0,22350.0,2,36.9359354,-121.74332817,4
2015,2015-03-25,1800,3,1,18,3,N,A,N,A,H,A,D,22,N,03,C,,,Y,,C,N,N,D,3,0,0,3,22350.0,2,37.05277743,-122.07263931,4
2015,2015-03-26,1744,3,1,17,4,N,A,N,A,H,A,D,22,S,08,E,,,,,I,Y,N,D,1,0,0,0,22107.0,1,37.04866305,-122.15331646,2
2015,2015-03-30,2253,3,1,22,1,Y,A,N,A,H,C,L,04,,12,D,,Y,,,G,N,N,A,1,0,1,0,22450.0,2,36.96851004,-122.02362996,3
2015,2015-03-27,1138,3,1,11,5,N,A,N,A,H,A,A,07,E,08,B,,Y,,,G,N,N,D,1,0,1,0,22107.0,2,36.97182357,-122.03267167,3
2015,2015-04-03,1313,4,1,13,5,Y,A,N,A,H,A,C,03,,03,F,,,Y,,A,Y,N,D,1,0,0,1,22350.0,1,36.97438011,-122.01581994,3
2015,2015-04-02,1552,4,1,15,4,N,A,N,A,H,A,A,01,S,03,C,,,,,C,N,N,D,1,0,0,0,22350.0,3,36.97650972,-122.01995035,4
2015,2015-04-02,1449,4,1,14,4,N,A,N,A,H,A,-,- ,N,00,B,,,Y,,C,N,N,D,1,0,0,1,,2,36.98388939,-122.0230351,3
2015,2015-04-02,902,4,1,9,4,N,A,N,A,H,A,A,01,S,06,B,,,Y,,C,N,N,D,1,0,0,1,21750.0,2,36.96843088,-122.02717462,3
2015,2015-03-23,1520,3,1,15,1,N,A,Y,A,H,A,C,02,S,04,C,,,Y,,C,N,N,D,1,0,0,1,21703.0,2,36.98447099,-122.14961983,3
2015,2015-03-23,630,3,1,6,1,N,B,Y,B,H,C,A,01,N,03,E,,,,,I,N,N,D,1,0,0,0,22350.0,1,37.01352528,-122.02429127,4
2015,2015-03-20,830,3,1,8,5,N,A,Y,A,H,A,A,01,N,03,C,,,,,C,Y,N,D,2,0,0,0,22350.0,3,36.98719327,-121.98694398,4
2015,2015-03-19,758,3,1,7,4,N,A,Y,A,H,A,A,01,N,03,C,,,,,C,Y,N,A,2,0,0,0,22350.0,3,36.98798853,-121.99327672,3
2015,2015-03-10,1055,3,1,10,2,N,B,Y,A,H,A,I,20,S,03,C,,,,,C,Y,N,D,1,0,0,0,22350.0,2,37.01634447,-122.02659353,4
2015,2015-03-23,1525,3,1,15,1,N,A,Y,A,H,A,A,07,N,07,C,,,,,C,Y,N,D,2,0,0,0,21658.0,2,37.04016556,-122.01692636,3
2015,2015-03-27,1434,3,1,14,5,N,A,Y,A,H,A,A,01,S,03,C,,,,,C,Y,N,D,2,0,0,0,22350.0,4,36.9832455,-121.9564454,3
2015,2015-03-30,1918,3,1,19,1,N,A,Y,A,H,A,-,99,S,08,E,,,,,C,Y,F,D,1,0,0,0,22107.0,2,36.97717061,-121.90901954,4
2015,2015-03-23,644,3,1,6,1,Y,B,Y,B,H,C,A,01,,17,D,,,Y,,C,Y,N,A,1,0,0,1,21451.0,2,36.97536724,-121.89184479,3
2015,2015-03-26,1540,3,1,15,4,Y,A,N,A,H,A,A,01,,09,D,,,,,C,Y,N,A,2,0,0,0,21802.0,2,36.94035003,-121.78832986,3
2015,2015-03-15,2058,3,1,20,7,N,A,N,A,H,D,A,01,N,01,E,,,,,I,Y,F,D,1,0,0,0,23152.0,1,37.01983227,-121.76102295,3
2015,2015-03-28,1335,3,1,13,6,Y,A,N,A,H,A,L,04,,22,F,,Y,,,A,N,N,D,1,0,1,0,,2,36.97631,-121.90420989,4
2015,2015-03-20,1109,3,1,11,5,N,B,N,A,H,A,A,07,E,04,C,,,Y,,C,Y,N,D,1,0,0,1,21703.0,2,36.98265333,-121.96889995,3
2015,2015-03-31,1656,3,1,16,2,Y,A,N,A,H,A,A,07,,08,H,,Y,,,G,N,N,D,1,0,1,0,22107.0,2,36.97926003,-121.89204987,4
2015,2015-03-24,1450,3,1,14,2,N,A,N,A,H,A,N,60,S,11,G,Y,,,,B,N,N,D,1,1,0,0,21954.0,2,36.96510301,-121.98104854,3
2015,2015-03-25,1829,3,1,18,3,N,A,N,A,H,A,A,01,N,03,C,,,,,C,Y,N,D,3,0,0,0,22350.0,2,36.96422731,-121.99267158,3
2015,2015-03-28,1234,3,1,12,6,N,A,N,A,H,A,C,02,W,03,F,,,Y,,A,Y,N,D,1,0,0,1,22350.0,1,36.92584842,-121.79744418,3
2015,2015-03-23,0,3,1,0,1,N,A,N,A,H,D,C,02,N,08,F,,,Y,,A,N,N,D,1,0,0,1,22107.0,1,37.10249502,-121.94753961,3
2015,2015-03-31,114,3,1,1,2,N,A,N,A,H,D,A,01,W,01,E,,,,,I,Y,N,D,1,0,0,0,23152.0,2,36.95968036,-121.87984928,3
2015,2015-04-06,1407,4,1,14,1,N,A,N,A,H,A,A,01,N,05,D,,,,,C,Y,N,D,3,0,0,0,21460.0,2,36.92382152,-121.75381964,4
2015,2015-03-26,2013,3,1,20,4,N,B,N,A,H,C,-,- ,W,18,E,,,,Y,I,Y,N,D,1,0,0,0,,1,36.907032,-121.75864584,4
2015,2015-03-10,1724,3,1,17,2,Y,B,N,A,H,A,A,07,,10,G,Y,,,,B,N,N,D,1,1,0,0,21950.0,2,36.93420002,-121.77419993,4
2015,2015-03-26,1510,3,1,15,4,N,A,N,A,H,A,L,04,E,03,F,,Y,,,I,N,N,A,1,0,1,0,22350.0,1,36.96820736,-122.04302694,3
2015,2015-03-20,1440,3,1,14,5,N,A,N,A,H,A,L,04,S,22,F,,Y,,,A,N,N,D,1,0,1,0,,1,36.96581787,-121.97403652,3
2015,2015-04-03,1345,4,1,13,5,N,A,N,A,H,A,A,01,E,09,H,,Y,,,G,N,N,D,1,0,1,0,21801.0,2,36.96403842,-121.96409223,3
2015,2015-04-03,1350,4,1,13,5,N,A,N,A,H,A,A,01,S,01,E,,,,,I,Y,N,D,1,0,0,0,23152.0,1,36.97793629,-121.91047181,4
2015,2015-04-04,1945,4,1,19,6,N,A,N,A,H,C,A,01,S,08,E,,,,,I,Y,N,D,1,0,0,0,22107.0,1,37.07598789,-122.07848451,3
2015,2015-04-02,1535,4,1,15,4,N,A,Y,A,H,A,A,01,N,03,C,,,,,C,Y,N,D,2,0,0,0,22350.0,2,36.98392617,-121.93159458,3
2015,2015-04-03,1310,4,1,13,5,N,A,Y,A,H,A,A,08,N,03,C,,,,,C,N,N,D,1,0,0,0,22350.0,2,37.00749942,-122.0211258,4
2015,2015-04-02,1622,4,1,16,4,N,A,N,A,H,A,A,01,S,08,D,,Y,,,G,N,N,D,1,0,1,0,22107.0,2,36.98293563,-121.91220125,3
2015,2015-04-14,813,4,1,8,2,Y,A,N,A,H,A,A,01,,10,G,Y,,,,B,N,N,A,1,1,0,0,21950.0,2,36.90981008,-121.75483998,4
2015,2015-04-02,1932,4,1,19,4,Y,A,N,A,H,B,A,07,,09,D,,,,,C,Y,N,A,1,0,0,0,21802.0,2,36.93207003,-121.78742988,4
2015,2015-04-01,1157,4,1,11,3,N,A,N,A,H,A,A,01,N,09,D,,,,,C,Y,N,D,1,0,0,0,21804.0,2,36.93197068,-121.76988068,4
2015,2015-04-01,1716,4,1,17,3,Y,A,N,A,H,A,A,01,,09,A,,,Y,,C,Y,N,A,1,0,0,1,21802.0,2,36.91451006,-121.78414985,3
2015,2015-04-03,952,4,1,9,5,N,A,N,A,H,A,A,07,S,03,C,,,,,C,Y,N,D,1,0,0,0,22350.0,3,36.93271667,-121.77068552,4
2015,2015-04-05,1415,4,1,14,7,N,B,N,A,H,A,A,08,S,03,C,,,,,D,N,N,A,2,0,0,0,22350.0,3,36.93470085,-121.77298517,3
2015,2015-04-13,1502,4,1,15,1,N,A,N,A,H,A,N,60,N,10,H,Y,,,,B,N,N,A,1,1,0,0,21954.0,2,36.93514762,-121.77349719,4
2015,2015-04-08,2010,4,1,20,3,N,A,N,A,H,C,A,01,W,10,G,Y,,,,B,N,N,A,1,1,0,0,21950.0,2,36.93824211,-121.77797994,2
2015,2015-04-06,1609,4,1,16,1,Y,A,N,A,H,A,A,01,,09,D,,Y,,,G,N,N,A,1,0,1,0,21800.0,2,36.92369001,-121.7543999,4
2015,2015-04-05,1948,4,1,19,7,N,A,N,A,H,C,A,01,N,01,C,,,,,E,Y,N,D,1,0,0,0,23152.0,2,36.92722285,-121.7408216,4
2015,2015-04-04,2257,4,1,22,6,N,A,N,A,H,C,A,01,S,01,C,,,,,C,Y,M,A,2,0,0,0,23152.0,2,36.92490965,-121.76319434,4
2015,2015-02-21,919,2,4,9,6,N,A,N,A,D,A,L,04,W,03,E,,Y,,,I,N,N,D,1,0,1,0,22350.0,1,36.96274324,-122.02422917,4
2015,2015-03-27,1425,3,1,14,5,N,A,N,A,H,A,-,- ,E,18,E,,,,,I,Y,N,D,1,0,0,0,,1,36.9722604,-121.95342958,3
2015,2015-04-04,1250,4,1,12,6,-,A,N,A,H,A,A,01,,17,H,,Y,,,G,N,N,A,1,0,1,0,22517.0,2,36.97847667,-121.95288241,2
2015,2015-04-12,719,4,1,7,7,Y,A,N,A,H,A,-,- ,,- ,D,,,,,C,Y,N,A,2,0,0,0,,2,36.97529009,-122.00855992,4
2015,2015-04-17,1448,4,1,14,5,N,A,N,A,H,A,D,22,N,01,E,,,,,I,Y,N,D,1,0,0,0,23152.0,1,37.02663951,-121.82009589,3
2015,2015-04-06,1912,4,1,19,1,N,B,N,A,H,B,A,01,N,01,E,,,,,I,Y,N,D,1,0,0,0,23152.0,2,37.04049231,-122.15175846,3
2015,2015-04-13,1019,4,1,10,1,N,A,N,A,H,D,D,22,S,01,E,,,,,I,Y,N,D,1,0,0,0,23152.0,1,37.00658312,-122.07476346,4
2015,2015-04-13,1700,4,1,17,1,N,A,N,A,H,A,D,22,S,03,C,,,,,C,N,N,D,1,0,0,0,22350.0,2,36.94556996,-121.76690097,4
2015,2015-04-14,20,4,1,0,2,N,A,N,A,H,D,D,22,E,01,C,,,,,E,Y,N,D,1,0,0,0,23152.0,2,37.06294528,-122.05593744,4
2015,2015-04-15,1805,4,1,18,3,Y,A,N,A,H,A,A,07,,09,D,,,,,C,Y,N,D,1,0,0,0,21801.0,2,36.9876401,-121.96370986,4
2015,2015-04-16,1725,4,1,17,4,N,A,N,A,H,A,D,22,S,17,A,,,,,C,Y,N,D,1,0,0,0,21662.0,2,37.11493331,-122.02086289,4
2015,2015-04-12,450,4,1,4,7,N,B,N,A,H,D,A,01,E,08,E,,,,,I,Y,N,D,1,0,0,0,22107.0,1,36.94823697,-121.72028661,3
2015,2015-04-11,1310,4,1,13,6,Y,A,N,A,H,A,C,02,,08,H,,Y,Y,,G,N,N,D,1,0,1,0,22107.0,2,36.96767001,-121.99799986,3
2015,2015-04-15,1705,4,1,17,3,Y,A,N,A,H,A,A,07,,09,A,,,,,C,Y,N,D,1,0,0,0,21801.0,2,36.97438002,-121.91103989,4
2015,2015-04-16,750,4,1,7,4,N,A,N,A,H,A,A,07,E,09,A,,,,,C,Y,N,D,1,0,0,0,21801.0,2,36.97097619,-121.98399713,4
2015,2015-04-13,15,4,1,0,1,N,A,N,A,H,D,A,01,N,01,E,,,,,I,Y,N,D,2,0,0,0,23152.0,1,36.92244124,-121.73209906,2
2015,2015-04-08,910,4,1,9,3,N,A,N,A,H,A,A,01,E,10,G,Y,,,,B,N,N,A,1,1,0,0,21950.0,2,36.97022991,-121.97324946,3
2015,2015-04-10,2200,4,1,22,5,N,A,N,A,H,D,A,01,S,03,F,,,,,A,Y,N,D,1,0,0,0,22350.0,1,37.04192238,-121.81797056,4
2015,2015-04-10,1745,4,1,17,5,Y,A,N,A,H,A,A,01,,09,H,,Y,,,G,N,N,A,1,0,1,0,21801.0,2,36.98761006,-121.96955986,3
2015,2015-04-05,1540,4,1,15,7,Y,A,N,A,H,A,-,- ,,00,D,,,,,C,N,N,A,1,0,0,0,,2,36.98874004,-121.97911987,4
2015,2015-04-08,720,4,1,7,3,N,B,N,B,H,A,A,01,W,03,E,,,,,I,N,N,D,1,0,0,0,22350.0,1,36.95864013,-121.85633687,4
2015,2015-04-05,124,4,1,1,7,N,A,N,A,H,D,A,01,N,01,E,,,,,I,Y,N,D,3,0,0,0,23152.0,1,36.97771174,-121.88056833,2
2015,2015-04-03,2240,4,1,22,5,N,A,N,A,H,D,A,01,W,01,F,,,,,A,Y,N,D,1,0,0,0,23152.0,1,37.13252547,-122.10602864,3
2015,2015-03-28,2343,3,1,23,6,Y,B,Y,A,H,C,D,22,,12,D,,,,,C,Y,N,A,1,0,0,0,21453.0,2,36.9071173,-121.75337991,4
2015,2015-04-17,2302,4,1,23,5,N,A,N,A,H,C,A,01,W,08,B,,,,,E,Y,N,D,1,0,0,0,22107.0,3,36.92596486,-121.75955503,4
2015,2015-04-18,831,4,1,8,6,Y,A,N,A,H,A,A,07,,03,C,,,,,C,N,M,A,2,0,0,0,22350.0,2,36.91857001,-121.78390994,4
2015,2015-04-18,1256,4,1,12,6,N,A,Y,A,H,A,A,01,S,09,D,,,,,C,N,N,D,2,0,0,0,21801.0,2,36.9177776,-121.77879954,3
2015,2015-04-04,31,4,1,0,6,N,A,N,A,H,C,L,04,N,12,D,,Y,,,G,N,N,A,1,0,1,0,21453.0,2,36.91858077,-121.78397011,2
2015,2015-04-20,1819,4,1,18,1,Y,B,N,A,H,B,A,01,,09,D,,,,,C,N,N,D,1,0,0,0,21802.0,2,36.91874007,-121.75699994,4
2015,2015-04-11,2225,4,1,22,6,N,A,N,A,H,D,L,04,N,05,H,,Y,Y,,G,Y,N,A,2,0,1,1,21651.0,2,36.91872795,-121.7847916,2
2015,2015-04-27,1810,4,1,18,1,N,B,N,A,H,A,A,07,W,09,A,,,Y,,C,Y,N,A,1,0,0,1,21804.0,2,36.94026241,-121.77623639,4
2015,2015-04-18,2300,4,1,23,6,Y,A,Y,A,H,C,A,07,,12,D,,,,,C,Y,N,A,1,0,0,0,21453.0,3,36.91087492,-121.75606002,4
2015,2015-04-04,2125,4,1,21,6,N,A,Y,A,H,D,D,22,N,01,E,,,,,I,Y,N,D,1,0,0,0,23152.0,1,37.16925748,-122.13583919,3
2015,2015-04-01,1435,4,1,14,3,N,A,Y,A,H,A,D,22,S,08,E,,,,,I,Y,N,D,1,0,0,0,22107.0,1,37.21022,-122.06521,2
2014,2014-11-29,1830,11,3,18,6,N,A,Y,B,H,D,D,22,S,03,B,,,,,C,Y,N,D,1,0,0,0,22350.0,2,37.03888842,-122.06925492,4
2015,2015-03-30,1405,3,1,14,1,N,A,Y,A,H,A,A,01,N,03,C,,,,,C,Y,N,D,1,0,0,0,22350.0,3,36.98966564,-122.0221462,4
2015,2015-04-01,1504,4,1,15,3,N,A,Y,A,H,A,-,- ,S,18,B,,,,,C,Y,N,D,1,0,0,0,,4,37.052786,-122.07323916,2
2015,2015-04-06,1100,4,1,11,1,N,B,Y,A,H,A,A,07,S,03,F,,,,,A,Y,N,D,2,0,0,0,22350.0,1,37.15345865,-122.13373782,3
2015,2015-04-07,545,4,1,5,2,N,B,Y,B,H,D,A,01,N,04,C,,,,,C,Y,N,D,3,0,0,0,21703.0,2,37.10029262,-121.97684399,3
2015,2015-04-11,1403,4,1,14,6,N,A,Y,A,H,A,A,01,N,09,D,,,,,C,Y,N,D,3,0,0,0,21801.0,3,37.13359885,-121.9818061,4
2015,2015-04-03,1730,4,1,17,5,N,A,Y,A,H,A,C,02,S,03,F,,,Y,,A,Y,N,D,3,0,0,1,22350.0,2,37.20432074,-122.14504484,3
2015,2015-04-05,910,4,1,9,7,N,B,Y,B,H,A,A,07,S,00,C,,,,,C,Y,N,D,1,0,0,0,23350.0,2,37.12307065,-122.12155591,4
2015,2015-03-29,238,3,1,2,7,N,A,N,A,H,C,-,- ,E,00,C,,,,,C,Y,F,A,1,0,0,0,,2,36.9686964,-122.01617167,4
2015,2015-04-20,1500,4,1,15,1,Y,A,N,A,H,A,A,01,,09,H,,Y,,,G,N,N,A,1,0,1,0,21802.0,2,36.96949004,-122.04612985,3
2015,2015-03-28,1145,3,1,11,6,Y,A,N,A,H,A,A,01,,12,A,,Y,,,G,N,N,A,1,0,1,0,21453.0,2,36.97690003,-122.02703996,3
2015,2015-04-20,745,4,1,7,1,N,B,Y,D,B,A,C,02,N,03,F,,,Y,,A,N,N,A,1,0,0,1,22350.0,1,36.96207374,-122.04517861,3
2015,2015-04-14,1846,4,1,18,2,N,A,N,A,H,A,C,02,E,03,C,,,Y,,C,Y,N,A,1,0,0,1,22350.0,2,36.96885233,-122.02799217,2
2015,2015-04-10,1452,4,1,14,5,N,A,N,A,H,A,N,60,N,11,G,Y,,,,B,N,N,D,1,1,0,0,21954.0,2,36.9623352,-122.04442699,4
2015,2015-03-28,1403,3,1,14,6,N,A,N,A,H,A,D,22,N,05,A,,,,,C,Y,N,D,1,0,0,0,21460.0,2,37.00997234,-122.07577153,1
2015,2015-04-17,1443,4,1,14,5,Y,A,N,A,H,A,L,04,,03,F,,Y,,,A,N,N,A,1,0,1,0,22350.0,1,36.97883011,-122.0270199,3
2015,2015-04-09,1209,4,1,12,4,N,A,N,A,H,A,L,04,S,03,F,,Y,,,A,N,N,D,1,0,1,0,22350.0,1,36.97238384,-122.04438008,3
2015,2015-05-04,2015,5,1,20,1,N,A,Y,A,H,C,-,- ,S,- ,A,,,,,C,Y,N,D,1,0,0,0,,2,36.96878787,-122.03784522,4
2015,2015-04-01,745,4,1,7,3,N,A,N,A,H,A,-,- ,N,00,B,Y,Y,,,B,N,F,D,1,1,0,0,,2,36.97516332,-122.02544458,4
2015,2015-05-06,1521,5,1,15,3,N,A,N,A,H,A,A,01,S,09,D,,,,,C,Y,N,D,1,0,0,0,21801.0,3,36.97967236,-122.00430628,4
2015,2015-05-02,2211,5,1,22,6,Y,B,N,A,H,C,A,01,,09,D,,Y,,,G,N,N,D,1,0,1,0,21801.0,2,36.98085002,-122.01717996,4
2015,2015-05-01,1635,5,1,16,5,Y,A,N,A,H,A,A,01,,09,A,,,,,C,Y,N,A,1,0,0,0,21801.0,2,36.93030008,-121.76820989,4
2015,2015-04-27,754,4,1,7,1,N,A,N,A,H,A,A,08,S,03,G,Y,,,,B,Y,N,A,1,1,0,0,22350.0,2,36.91973964,-121.75252821,4
2015,2015-03-29,1329,3,1,13,7,N,A,N,A,H,A,D,72,N,03,C,,,,,C,N,N,A,1,0,0,0,22350.0,2,37.04331134,-122.02486886,4
2015,2015-04-16,1652,4,1,16,4,N,A,N,A,H,A,I,11,N,03,C,,,,,C,N,N,D,1,0,0,0,22350.0,3,37.04623888,-122.02810414,4
2015,2015-04-10,1540,4,1,15,5,Y,A,N,A,H,A,A,01,,00,C,,,,,C,N,N,A,3,0,0,0,27103.0,2,37.04428003,-122.0236299,4
2015,2015-04-30,1736,4,1,17,4,N,A,N,A,H,A,A,01,W,03,C,,,,,C,N,N,D,1,0,0,0,22350.0,2,37.03667244,-122.02180552,4
2015,2015-05-12,1348,5,1,13,2,N,A,Y,A,H,A,D,22,E,03,C,,,,,C,N,N,D,1,0,0,0,22350.0,2,37.036359,-122.02003853,4
2015,2015-05-07,2012,5,1,20,4,N,C,Y,B,H,D,D,22,S,01,E,,,,,I,Y,N,D,1,0,0,0,23152.0,1,37.08766434,-121.97864746,4
2015,2015-05-08,1020,5,1,10,5,N,B,Y,A,H,A,D,22,S,03,C,,,,,C,Y,N,D,1,0,0,0,22350.0,4,36.97651549,-121.90738568,4
2015,2015-05-07,1510,5,1,15,4,N,B,Y,A,H,A,A,01,S,03,C,,,,,C,Y,N,D,2,0,0,0,22350.0,3,37.07115709,-122.0841685,3
2015,2015-04-19,1310,4,1,13,7,N,A,N,A,H,A,C,02,E,05,F,,,Y,,A,Y,N,D,1,0,0,1,21460.0,2,37.06630214,-122.14147868,2
2015,2015-04-17,1615,4,1,16,5,N,A,Y,A,H,A,-,- ,S,00,B,,,,,C,N,M,D,1,0,0,0,,2,37.08753392,-121.97871707,4
2015,2015-04-20,1525,4,1,15,1,N,A,Y,A,H,A,-,- ,W,18,E,,,,,I,Y,N,D,4,0,0,0,,1,37.16665139,-122.02133084,3
2015,2015-04-20,940,4,1,9,1,N,B,Y,A,H,A,F,26,N,03,C,,,,Y,C,Y,N,D,1,0,0,0,22350.0,3,36.95511849,-121.85662241,4
2015,2015-04-25,1310,4,1,13,6,Y,A,N,A,H,A,A,07,,09,D,,,,,C,Y,N,A,1,0,0,0,21801.0,2,36.97631,-121.90420989,4
2015,2015-05-07,1259,5,1,12,4,Y,C,N,B,H,A,A,01,,03,C,,,,,C,Y,N,D,1,0,0,0,22350.0,2,36.93757002,-121.77649992,4
2015,2015-05-01,1645,5,1,16,5,Y,A,N,A,H,A,-,- ,,09,H,,Y,,,G,N,N,D,1,0,1,0,21802.0,2,36.91633003,-121.75486994,4
2015,2015-05-03,2234,5,1,22,7,N,A,N,A,H,C,A,01,S,08,A,,,,,E,Y,M,D,1,0,0,0,22107.0,3,36.9286586,-121.78542082,3