ACCIDENT_YEAR,COLLISION_DATE,COLLISION_TIME,MONTH,SEASON,24HOURS,DAY_OF_WEEK,INTERSECTION,WEATHER_1,STATE_HWY_IND,ROAD_SURFACE,ROAD_COND_1,LIGHTING,STWD_VEHTYPE_AT_FAULT,CHP_VEHTYPE_AT_FAULT,DIRECTION,PCF_VIOL_CATEGORY,TYPE_OF_COLLISION,PEDESTRIAN_ACCIDENT,BICYCLE_ACCIDENT,MOTORCYCLE_ACCIDENT,TRUCK_ACCIDENT,MVIW,TOW_AWAY,HIT_AND_RUN,CONTROL_DEVICE,NUMBER_INJURED,COUNT_PED_INJURED,COUNT_BICYCLIST_INJURED,COUNT_MC_INJURED,PCF_VIOLATION,PARTY_COUNT,POINT_Y,POINT_X,COLLISION_SEVERITY
2017,2017-09-02,1932,9,3,19,6,N,A,N,A,H,A,A,07,W,08,B,,,,Y,E,Y,F,D,1,0,0,0,22107.0,3,36.90807351,-121.76711124,3
2017,2017-10-01,1238,10,3,12,7,Y,A,N,A,H,A,-,- ,,00,D,,Y,,,G,N,N,A,1,0,1,0,,2,36.92554011,-121.77000989,3
2017,2017-09-26,1552,9,3,15,2,Y,A,N,A,H,A,A,01,,10,G,Y,,,,B,N,N,D,1,1,0,0,21950.0,2,36.97209003,-122.03403989,3
2017,2017-09-27,1531,9,3,15,3,Y,A,N,A,H,A,A,01,,09,D,,,,,C,N,N,A,1,0,0,0,21802.0,2,36.93303004,-121.78565989,4
2017,2017-10-01,1050,10,3,10,7,Y,A,Y,A,H,A,A,01,,12,D,,,,,C,Y,N,A,2,0,0,0,21453.0,2,36.90520892,-121.75788902,3
2017,2017-08-20,1319,8,2,13,7,Y,A,N,A,H,A,-,- ,,00,D,,Y,,,J,N,N,D,1,0,1,0,,1,36.95881005,-122.0292599,2
2017,2017-09-30,1708,9,3,17,6,N,A,N,-,H,A,D,22,N,09,-,,,Y,,A,N,N,D,1,0,0,1,21804.0,2,36.98000939,-122.02151411,3
2017,2017-10-12,109,10,3,1,4,N,A,N,A,H,C,A,01,S,08,E,,,,,I,Y,M,D,1,0,0,0,22107.0,1,36.95319347,-122.05446674,3
2017,2017-10-13,1931,10,3,19,5,Y,A,N,A,H,C,A,01,,03,G,Y,,,,B,N,N,D,2,2,0,0,22350.0,3,36.95839011,-122.04565987,3
2017,2017-10-09,1701,10,3,17,1,Y,A,N,A,H,A,L,04,,09,A,,Y,,,G,N,N,A,1,0,1,0,21453.0,2,36.96921002,-122.02476987,4
2017,2017-10-07,1107,10,3,11,6,N,A,N,A,H,A,A,08,W,10,G,Y,,,,B,N,N,A,1,1,0,0,21950.0,2,36.97463613,-122.02638997,3
2017,2017-10-06,801,10,3,8,5,N,A,N,A,H,A,A,01,S,04,C,,,,,C,Y,N,A,1,0,0,0,21703.0,2,36.98427133,-122.00565775,4
2017,2017-10-01,2500,10,3,25,7,N,A,N,A,H,A,N,60,W,11,E,Y,Y,,,B,N,N,A,1,0,1,0,21954.0,2,36.96459046,-122.0179129,3
2017,2017-09-23,1352,9,3,13,6,Y,A,N,A,H,A,-,- ,,18,B,,,,,C,Y,N,D,1,0,0,0,,6,36.95756001,-122.04877987,4
2017,2017-09-28,1208,9,3,12,4,N,A,N,A,H,A,D,22,N,04,C,,,,,C,N,N,A,1,0,0,0,21703.0,2,36.97794363,-122.02547349,4
2017,2017-10-03,855,10,3,8,2,N,A,N,A,H,A,A,07,S,03,C,,,,,C,N,N,D,1,0,0,0,22350.0,2,36.9761924,-122.03493633,4
2017,2017-10-10,1223,10,3,12,2,N,A,N,A,H,A,A,01,W,00,G,Y,,,,B,Y,N,A,1,1,0,0,23153.0,3,36.96432138,-122.01125379,4
2017,2017-09-23,2144,9,3,21,6,N,A,N,A,H,C,A,01,E,08,D,,,Y,,G,N,F,D,1,0,0,1,22107.0,2,36.97608099,-122.02552898,2
2017,2017-09-23,1358,9,3,13,6,Y,A,N,A,H,A,A,01,,08,D,,Y,,,G,N,N,A,1,0,1,0,21717.0,2,36.97786009,-122.04347993,3
2018,2018-11-01,645,11,3,6,4,N,A,N,A,H,C,N,60,E,11,G,Y,,,,B,Y,N,D,0,0,0,0,21954.0,2,36.93986511230469,-121.77674865722656,1
2018,2018-12-24,1442,12,4,14,1,Y,C,Y,B,H,A,D,22,,10,G,Y,,,,B,Y,N,A,0,0,0,0,21950.0,2,36.910247802734375,-121.75689697265624,1
2018,2018-12-23,2135,12,4,21,7,N,A,N,A,H,C,N,60,N,11,G,Y,,,,B,Y,N,D,0,0,0,0,21954.0,2,36.92847442626953,-121.7664794921875,1
2017,2017-09-02,1758,9,3,17,6,Y,A,N,A,H,A,A,01,,09,G,,Y,,,G,N,N,A,1,0,1,0,21804.0,2,36.97371001,-121.96264997,3
2017,2017-09-25,1731,9,3,17,1,N,A,N,A,H,A,A,01,E,05,D,,,,,C,N,N,D,1,0,0,0,21651.0,2,37.04572013,-122.0278107,4
2017,2017-09-17,2338,9,3,23,7,N,A,N,A,H,C,A,07,S,01,C,,,,,E,N,N,D,1,0,0,0,23152.0,3,36.97230244,-122.05049948,3
2017,2017-09-18,1828,9,3,18,1,N,A,Y,A,H,A,A,08,N,03,C,,,,,C,N,N,A,2,0,0,0,22350.0,2,36.98445396,-122.02980349,4
2018,2018-02-07,2500,2,4,25,3,N,A,Y,A,H,A,A,08,S,03,C,,,Y,,C,N,N,A,1,0,0,1,22350.0,2,36.96541213989258,-122.04141235351562,3
2017,2017-08-30,613,8,2,6,3,N,A,Y,A,H,A,A,01,W,03,C,,,,,C,N,N,A,1,0,0,0,22350.0,2,36.97688877,-122.03189369,4
2017,2017-06-22,2309,6,2,23,4,Y,A,Y,A,H,D,A,01,,10,G,Y,,,,B,N,N,D,1,1,0,0,21950.0,2,36.96866007,-122.03793492,3
2017,2017-09-04,2047,9,3,20,1,Y,A,Y,A,H,C,A,01,,08,B,,,,,C,Y,N,D,2,0,0,0,22107.0,2,36.97056108,-122.03668511,3
2017,2017-10-16,1707,10,3,17,1,N,A,N,A,H,A,A,08,N,03,B,,,Y,,E,Y,N,D,1,0,0,0,22350.0,2,36.92313085,-121.77043349,3
2017,2017-10-27,1737,10,3,17,5,N,A,N,A,H,A,L,04,E,03,H,,Y,,,G,N,N,D,1,0,1,0,22350.0,2,36.91644449,-121.77741044,4
2017,2017-10-17,1213,10,3,12,2,N,B,N,A,H,A,A,01,W,07,B,,,Y,,C,Y,N,D,1,0,0,1,21658.0,2,36.91812075,-121.78406893,4
2017,2017-10-12,1753,10,3,17,4,Y,A,N,A,H,A,A,01,,08,D,,,,,C,Y,N,A,1,0,0,0,22107.0,2,36.97655677,-121.96493626,4
2017,2017-10-06,2108,10,3,21,5,N,A,Y,A,H,C,A,07,S,09,B,,,,,C,Y,N,A,1,0,0,0,21453.0,2,36.91869669,-121.78409155,2
2017,2017-10-09,707,10,3,7,1,N,A,Y,A,H,A,D,22,S,09,G,,Y,,,G,N,N,A,1,0,1,0,21804.0,2,36.91738921,-121.77656692,4
2017,2017-10-03,808,10,3,8,2,N,A,N,A,H,A,L,04,N,22,H,,Y,,,G,N,M,D,1,0,1,0,,2,,,3
2017,2017-10-31,634,10,3,6,2,Y,A,N,A,H,C,A,07,,09,D,,,,,C,Y,N,A,1,0,0,0,21801.0,2,36.89714003,-121.77846987,3
2017,2017-10-04,1811,10,3,18,3,N,A,Y,A,H,A,A,01,N,01,-,,,,,C,Y,F,A,1,0,0,0,23153.0,3,36.98307049,-121.95825451,4
2017,2017-10-04,2035,10,3,20,3,Y,A,N,A,H,C,A,08,,00,D,,,,,C,Y,N,A,1,0,0,0,21453.0,2,36.97020002,-121.96491993,4
2017,2017-10-31,1937,10,3,19,2,N,A,N,A,H,C,N,60,S,11,G,Y,,,,B,N,N,D,1,1,0,0,21950.0,2,36.91725329,-121.75564846,4
2017,2017-10-08,131,10,3,1,7,N,A,Y,A,H,C,A,01,N,01,C,,,,,C,Y,N,D,3,0,0,0,23153.0,2,36.96728055,-122.03936556,3
2017,2017-10-15,953,10,3,9,7,N,A,Y,A,H,A,C,02,S,03,C,,,Y,,C,Y,N,A,1,0,0,1,22350.0,2,36.9726158,-122.0353571,3
2017,2017-10-06,1056,10,3,10,5,N,A,N,A,H,A,N,60,N,11,G,Y,,,,B,N,N,D,1,1,0,0,21954.0,2,36.96901933,-122.02833504,4
2017,2017-10-25,1745,10,3,17,3,Y,A,N,A,H,A,D,22,,12,D,,,Y,,C,N,N,A,1,0,0,0,21453.0,2,36.97390007,-122.0214199,4
2017,2017-10-08,1554,10,3,15,7,N,A,N,A,H,A,L,04,S,21,H,,Y,,,J,N,N,D,1,0,1,0,22106.0,1,36.97489765,-122.05210961,3
2017,2017-10-07,1910,10,3,19,6,N,A,N,A,H,C,A,07,N,03,C,,,,,C,N,F,A,1,0,0,0,22350.0,2,36.99025211,-122.01247036,4
2017,2017-10-04,930,10,3,9,3,N,B,N,A,H,A,A,01,W,04,C,,,,,C,N,N,D,1,0,0,0,21703.0,2,36.9777018,-122.04256689,4
2017,2017-10-07,1258,10,3,12,6,N,A,N,A,H,A,-,- ,N,00,H,,Y,,,G,N,N,D,1,0,1,0,,2,36.96018981,-122.0376324,3
2017,2017-10-25,1610,10,3,16,3,N,A,N,A,H,A,A,01,E,03,C,,,,,C,N,F,A,1,0,0,0,22350.0,3,36.98142286,-122.00589827,3
2017,2017-10-26,752,10,3,7,4,Y,A,N,A,H,A,A,01,,03,D,,,,,C,Y,N,A,2,0,0,0,22350.0,2,36.97527005,-122.05267994,4
2017,2017-10-20,753,10,3,7,5,Y,B,N,B,H,A,C,02,,03,F,,,Y,,I,Y,N,A,1,0,0,1,22350.0,1,36.97025011,-122.02218996,3
2017,2017-10-24,1315,10,3,13,2,Y,A,N,A,H,A,L,04,,08,D,,Y,,,G,N,N,D,1,0,1,0,22107.0,2,36.96214008,-122.0252399,4
2017,2017-10-26,809,10,3,8,4,Y,A,N,A,H,A,A,08,,10,G,Y,,,,B,N,N,D,1,1,0,0,21950.0,2,36.95302005,-122.03719997,3
2017,2017-10-19,1226,10,3,12,4,N,A,N,A,H,A,-,- ,N,18,C,,,,,C,Y,N,A,2,0,0,0,,2,36.96878911,-122.02936883,4
2017,2017-10-10,1816,10,3,18,2,N,A,N,A,H,A,-,- ,W,00,G,Y,,,,B,N,F,A,1,1,0,0,,2,36.96884,-122.01912712,4
2017,2017-10-12,622,10,3,6,4,Y,A,Y,A,H,C,A,01,,10,G,Y,,,,B,N,N,A,1,1,0,0,21950.0,2,36.92008067,-121.74768292,2
2017,2017-10-25,2215,10,3,22,3,N,A,N,A,H,D,A,01,N,08,C,,,,,E,Y,N,D,2,0,0,0,22107.0,3,36.95371323,-122.05474512,3
2017,2017-11-02,1440,11,3,14,4,Y,A,N,A,H,A,A,01,,09,A,,,,,C,Y,N,D,1,0,0,0,21801.0,2,36.93207003,-121.78742988,4
2017,2017-10-25,2038,10,3,20,3,Y,A,N,A,H,C,A,01,,10,G,Y,,,,B,N,F,D,1,1,0,0,21950.0,2,36.9143001,-121.75294999,4
2017,2017-11-12,1806,11,3,18,7,N,A,N,A,H,C,A,07,,03,C,,,,,C,N,F,D,1,0,0,0,22350.0,2,36.93119006,-121.76908991,4
2017,2017-11-03,1459,11,3,14,5,N,A,N,A,H,A,A,01,S,03,C,,,,,C,N,N,D,1,0,0,0,22350.0,2,36.91324509,-121.77068867,4
2017,2017-11-20,1340,11,3,13,1,N,B,N,A,H,A,D,22,W,08,D,,Y,,,G,Y,N,D,1,0,1,0,22107.0,2,36.98291864,-121.99543434,3
2017,2017-11-13,1312,11,3,13,1,N,A,Y,A,H,A,A,01,N,05,D,,,,,C,Y,N,A,2,0,0,0,21651.0,3,36.9151614,-121.76168236,3
2017,2017-10-15,1922,10,3,19,7,N,A,N,A,H,C,-,- ,N,18,G,Y,,,,B,N,N,D,1,1,0,0,,2,36.91031978,-121.75540374,3
2017,2017-10-08,1717,10,3,17,7,N,A,N,A,H,A,L,04,N,03,F,,Y,,,J,N,N,D,1,0,1,0,22350.0,1,36.97158335,-122.04144261,3
2017,2017-10-21,1955,10,3,19,6,N,A,N,A,H,C,-,- ,E,00,F,,Y,,,A,N,N,D,1,0,1,0,,1,36.97752214,-122.03530321,3
2017,2017-10-31,1134,10,3,11,2,N,A,N,A,H,A,A,01,N,09,D,,,,,C,Y,N,D,2,0,0,0,21804.0,2,36.9689594,-122.01635278,4
2017,2017-10-23,1837,10,3,18,1,Y,A,N,A,H,C,L,04,,01,F,,Y,,,J,N,N,A,1,0,1,0,21200.0,1,36.96283111,-122.02384293,2
2017,2017-10-24,1908,10,3,19,2,Y,A,N,A,H,C,L,04,,03,D,,Y,,,G,N,N,A,1,0,1,0,22350.0,2,36.96716004,-122.04122987,3
2017,2017-10-25,1744,10,3,17,3,N,A,N,A,H,B,A,01,E,08,A,,Y,,,G,N,N,D,1,0,1,0,22107.0,2,36.98651979,-122.03203324,3
2017,2017-10-26,1916,10,3,19,4,N,A,N,A,H,C,A,01,W,10,G,Y,,,,B,N,N,D,1,1,0,0,21950.0,2,36.97657831,-122.00353652,4
2017,2017-11-01,1815,11,3,18,3,N,A,N,A,H,C,A,01,S,17,E,,Y,,,G,N,N,D,1,0,1,0,22517.0,2,36.97349985,-122.02601842,3
2017,2017-11-01,819,11,3,8,3,Y,A,N,A,H,A,L,04,,09,F,,Y,,,G,N,N,A,1,0,1,0,21804.0,2,36.98091005,-122.00811989,4
2017,2017-11-03,1418,11,3,14,5,Y,B,N,A,H,A,A,07,,09,D,,,,,C,N,N,D,1,0,0,0,21801.0,2,36.98053,-122.05979997,4
2017,2017-11-20,1613,11,3,16,1,Y,A,N,A,H,A,A,01,,09,D,,,Y,,C,N,N,A,1,0,0,1,21802.0,2,36.98311001,-122.00618995,4
2017,2017-11-07,745,11,3,7,2,N,A,N,A,H,A,D,22,E,10,G,Y,,,,B,N,N,A,2,2,0,0,21950.0,3,36.98141071,-122.00170321,2
2017,2017-11-12,2137,11,3,21,7,Y,A,Y,A,H,C,-,- ,,00,A,,,,,C,N,N,A,4,0,0,0,,2,36.91865876,-121.78385231,2
2017,2017-11-13,1811,11,3,18,1,N,A,Y,A,H,C,A,01,N,03,C,,,,,C,Y,N,A,1,0,0,0,22350.0,2,36.98310156,-122.0316444,4
2018,2018-08-12,1737,8,2,17,7,N,A,N,A,H,A,A,01,W,21,-,,,,,A,N,N,D,1,0,0,0,22106.0,1,36.9642333984375,-122.04659271240234,3
2017,2017-11-09,21,11,3,0,4,Y,C,N,B,H,E,D,22,,03,A,,,,,I,Y,N,A,1,0,0,0,22350.0,1,36.97086011,-121.96498988,3
2017,2017-11-25,1201,11,3,12,6,N,A,N,A,H,A,A,01,N,03,C,,,,,C,N,N,A,1,0,0,0,22350.0,2,36.98118645,-121.95559457,4
2017,2017-11-27,1856,11,3,18,1,N,A,N,A,H,C,A,01,N,09,D,,,,,C,Y,N,D,1,0,0,0,21804.0,2,36.93770104,-121.77671963,3
2017,2017-11-30,1752,11,3,17,4,N,A,Y,A,H,C,A,01,S,03,C,,,,,C,Y,N,A,2,0,0,0,22350.0,2,36.91548402,-121.76530406,4
2017,2017-11-29,1900,11,3,19,3,N,A,N,A,H,C,A,01,W,10,G,Y,,,,B,N,N,D,1,1,0,0,21950.0,2,36.93033664,-121.77848025,4
2017,2017-11-27,1407,11,3,14,1,N,A,N,A,H,A,D,22,S,08,D,,Y,,,G,N,N,D,1,0,1,0,22107.0,2,37.06738812,-122.00544598,3
2017,2017-10-01,2158,10,3,21,7,Y,A,N,A,H,C,-,- ,,00,D,,,,,C,N,N,A,1,0,0,0,,2,37.04320009,-122.02511994,4
2017,2017-11-24,1741,11,3,17,5,N,A,N,A,H,C,A,01,W,03,C,,,,,C,N,N,A,1,0,0,0,22350.0,3,37.04111309,-122.02411904,3
2017,2017-12-12,1323,12,4,13,2,N,A,N,A,H,A,A,08,E,03,C,,,,,C,N,N,A,1,0,0,0,22350.0,2,36.93508526,-121.7733312,4
2017,2017-12-03,1549,12,4,15,7,Y,A,N,A,H,A,A,01,,10,G,Y,,,,B,N,N,A,1,1,0,0,21950.0,2,37.04589004,-122.02810987,2
2017,2017-12-06,1600,12,4,16,3,N,A,N,A,H,A,A,08,N,03,C,,,,,C,N,F,D,1,0,0,0,22350.0,2,36.93121142,-121.76911142,4
2017,2017-12-07,1233,12,4,12,4,N,A,N,A,H,A,-,- ,E,22,A,,,,,C,N,N,D,1,0,0,0,,2,,,4
2017,2017-12-08,1730,12,4,17,5,N,A,N,A,H,C,A,01,N,03,C,,,,,C,N,N,A,1,0,0,0,22350.0,2,36.93032142,-121.76823142,4
2017,2017-12-08,1745,12,4,17,5,Y,A,N,A,H,C,A,01,,09,D,,,,,C,N,N,D,1,0,0,0,21801.0,2,36.92420002,-121.76258992,4
2017,2017-12-08,1216,12,4,12,5,Y,A,N,A,H,A,A,01,,12,D,,,,,C,Y,N,A,6,0,0,0,21453.0,2,36.92209011,-121.78186997,3
2017,2017-12-05,1905,12,4,19,2,N,A,N,A,H,C,D,22,N,10,G,Y,,,,B,N,N,D,1,1,0,0,21954.0,2,36.9313978,-121.7692978,4
2017,2017-12-11,1829,12,4,18,1,N,A,Y,A,H,C,A,01,N,03,C,,,,,C,Y,N,D,1,0,0,0,22350.0,2,36.91762644,-121.77808727,4
2017,2017-12-28,1414,12,4,14,4,N,A,N,A,H,A,N,60,N,11,G,Y,,,,B,N,N,D,1,1,0,0,21954.0,2,36.97351926,-122.02466902,3
2017,2017-12-06,847,12,4,8,3,N,A,N,A,H,A,A,01,N,08,B,,,,,C,Y,N,D,1,0,0,0,22100.0,2,36.93404052,-121.77221835,3
2017,2017-12-02,1800,12,4,18,6,N,A,Y,A,H,C,A,01,N,10,G,Y,,,,B,Y,N,D,1,1,0,0,21950.0,2,36.91339892,-121.75595902,4
2017,2017-10-24,1457,10,3,14,2,N,A,Y,-,H,A,L,04,S,08,E,,Y,,,I,N,N,D,1,0,1,0,22107.0,1,36.96803256,-122.03837537,4
2017,2017-11-23,1329,11,3,13,4,N,A,Y,A,H,A,A,07,S,09,A,,,,,C,N,N,D,3,0,0,0,21801.0,2,36.91713154,-121.77532233,2
2017,2017-12-01,1500,12,4,15,5,N,A,N,A,H,A,A,01,W,03,A,,,,,I,Y,N,D,1,0,0,0,22350.0,1,36.97717117,-121.94346901,3
2017,2017-12-14,1751,12,4,17,4,N,A,Y,A,H,C,A,01,E,09,H,,Y,,,G,N,N,D,1,0,1,0,21804.0,2,36.91589481,-121.76782156,4
2017,2017-10-03,1625,10,3,16,2,N,A,N,A,H,A,A,01,N,03,C,,,,,C,N,N,A,1,0,0,0,22350.0,2,36.93042854,-121.76833854,4
2017,2017-11-10,1335,11,3,13,5,Y,B,N,B,H,A,A,01,,09,D,,,,,C,Y,N,A,2,0,0,0,21804.0,2,36.97514007,-122.01040996,3
2017,2017-11-29,2046,11,3,20,3,N,B,N,A,H,C,A,01,E,10,G,Y,,,,B,N,N,D,1,1,0,0,21950.0,2,36.96187906,-122.02532031,4
2017,2017-11-22,1417,11,3,14,3,N,B,N,A,H,A,A,01,S,01,E,,,,,I,Y,N,D,1,0,0,0,23152.0,1,36.99002073,-122.02043116,4
2017,2017-11-20,1753,11,3,17,1,N,A,N,A,H,C,A,08,E,09,D,,,Y,,C,Y,N,D,1,0,0,1,21801.0,3,36.97475471,-122.01847161,4
2017,2017-11-14,1610,11,3,16,2,N,A,N,A,H,A,A,01,E,10,G,Y,,,,B,N,N,D,2,2,0,0,21950.0,3,36.97173751,-122.02158566,2
2017,2017-10-25,2142,10,3,21,3,N,A,N,A,H,C,L,04,E,08,F,,Y,,,A,N,N,D,1,0,1,0,22107.0,1,36.96437619,-122.01954749,2
2017,2017-11-23,1138,11,3,11,4,N,B,N,A,H,A,C,02,W,09,D,,Y,Y,,G,N,N,D,1,0,1,0,21801.0,2,36.95323959,-122.02554726,3
2017,2017-12-13,1051,12,4,10,3,Y,A,N,A,H,A,A,01,,10,G,Y,,,,B,N,N,A,1,1,0,0,21950.0,2,36.96893011,-122.02724991,4
2017,2017-12-11,1503,12,4,15,1,N,A,N,A,H,A,L,04,E,03,E,,Y,,,I,N,N,D,1,0,1,0,22350.0,1,36.96282468,-122.02391267,3
2017,2017-12-02,317,12,4,3,6,N,A,N,A,H,C,A,01,N,01,C,,,,,E,Y,N,D,1,0,0,0,23152.0,2,36.97395241,-122.02368941,2
2017,2017-11-27,1752,11,3,17,1,Y,A,N,A,H,C,-,- ,,18,B,,,Y,,C,Y,N,D,1,0,0,1,,3,36.97308011,-121.95198987,4
2017,2017-12-05,1652,12,4,16,2,Y,A,N,A,H,B,A,01,,08,B,,Y,,,G,N,N,A,1,0,1,0,22100.0,2,36.98149011,-122.00473995,4
2017,2017-12-08,1850,12,4,18,5,Y,A,N,A,H,C,A,01,,09,D,,,,,C,N,N,A,1,0,0,0,21802.0,2,36.9591101,-122.04584992,4
2017,2017-12-14,1340,12,4,13,4,Y,A,N,A,H,A,A,01,,03,C,,,,,C,N,N,D,2,0,0,0,22350.0,2,36.97779006,-122.01565993,3
2017,2017-12-14,1950,12,4,19,4,N,A,N,A,H,C,-,- ,E,18,H,,Y,,,-,N,N,D,1,0,1,0,,1,36.97456085,-122.01887854,3
2017,2017-12-31,1518,12,4,15,7,Y,A,N,A,H,A,A,01,,08,A,,,,,C,Y,N,A,1,0,0,0,22100.0,2,36.92514001,-121.77701996,3
2017,2017-12-16,1629,12,4,16,6,N,A,N,A,H,A,A,07,S,09,D,,,,,C,N,F,D,1,0,0,0,21804.0,2,36.92568984,-121.76391068,4
2017,2017-12-22,1331,12,4,13,5,N,A,N,A,H,A,A,07,E,03,C,,,,,C,N,N,D,1,0,0,0,22350.0,2,36.93763399,-121.77133907,4
2017,2017-12-29,1246,12,4,12,5,N,A,N,A,H,A,A,08,S,21,C,,,,,C,N,N,A,2,0,0,0,22106.0,2,36.93016007,-121.76806104,4
2017,2017-12-13,2009,12,4,20,3,Y,A,N,A,H,C,A,01,,03,C,,,,,C,N,N,D,1,0,0,0,22350.0,2,36.97373003,-121.95638992,4
2017,2017-11-27,1700,11,3,17,1,N,A,N,A,H,B,A,01,S,03,C,,,,,C,N,N,A,1,0,0,0,22350.0,2,36.98703617,-122.00419976,4
2017,2017-11-28,935,11,3,9,2,Y,A,N,A,H,A,A,01,,09,D,,Y,,,G,N,N,A,1,0,1,0,21802.0,2,36.97949003,-122.00729998,3
2017,2017-11-28,1145,11,3,11,2,Y,A,N,A,H,A,L,04,,05,H,,Y,,,G,N,N,D,1,0,1,0,21650.0,2,36.97323006,-122.0080399,4
2017,2017-12-21,543,12,4,5,4,Y,A,N,A,H,C,A,01,,01,D,,,,,C,Y,F,A,2,0,0,0,23152.0,2,36.96932007,-122.02377988,3
2018,2018-01-12,1522,1,4,15,5,Y,A,N,A,H,A,N,60,,11,G,Y,,,,B,N,N,A,1,1,0,0,21456.0,3,37.048370361328125,-122.0167999267578,3
2018,2018-01-19,1814,1,4,18,5,N,A,N,A,H,C,A,07,S,08,D,,,,,C,Y,M,D,1,0,0,0,22107.0,3,36.93260955810546,-121.76677703857422,3
2018,2018-01-20,1208,1,4,12,6,N,A,N,A,H,A,N,60,E,11,G,Y,,,,B,N,N,D,1,1,0,0,21950.0,2,36.92235565185546,-121.75149536132812,3
2018,2018-01-21,1415,1,4,14,7,Y,A,N,A,H,A,D,22,,03,C,,,,,C,N,N,D,1,0,0,0,22350.0,3,36.91817855834961,-121.75997924804688,4
2017,2017-12-15,2216,12,4,22,5,Y,A,N,A,H,C,-,- ,,00,A,Y,,,,B,N,N,A,1,1,0,0,,2,36.96294008,-122.04536992,3
2017,2017-12-25,418,12,4,4,1,N,A,N,A,H,C,A,01,N,08,C,,,,,E,Y,N,D,1,0,0,0,22107.0,2,36.95262487,-122.04577843,2
2017,2017-12-27,1537,12,4,15,3,Y,A,N,A,H,A,A,01,,00,B,,Y,,,G,N,N,A,1,0,1,0,21453.0,2,36.97390007,-122.0214199,4
2018,2018-01-14,1915,1,4,19,7,N,A,N,A,H,C,A,01,S,08,E,,,,,I,N,N,D,1,0,0,0,22107.0,1,36.93157577514648,-121.76947784423828,3
2018,2018-01-11,1512,1,4,15,4,Y,A,N,A,H,A,A,07,,09,D,,,,,C,N,N,A,1,0,0,0,21802.0,2,36.9309196472168,-121.78379821777344,4
2018,2018-01-12,2203,1,4,22,5,Y,A,N,A,H,C,A,07,,09,D,,,,,C,N,N,A,1,0,0,0,21453.0,2,37.04589080810546,-122.02810668945312,4
2018,2018-01-03,1101,1,4,11,3,Y,C,N,B,H,A,L,04,,12,D,,Y,,,G,N,N,A,1,0,1,0,21453.0,2,36.981441497802734,-122.0140380859375,4
2018,2018-01-02,2311,1,4,23,2,Y,B,N,A,H,C,A,01,,10,G,Y,,,,B,N,N,A,1,1,0,0,21950.0,2,36.979591369628906,-122.02134704589844,2
2018,2018-01-07,1852,1,4,18,7,Y,A,N,-,H,C,A,01,,12,D,,,Y,,C,N,N,A,1,0,0,1,21453.0,2,36.96931838989258,-122.02378082275392,4
2017,2017-12-23,1400,12,4,14,6,N,A,Y,A,H,A,A,01,S,03,C,,,,,C,N,N,A,1,0,0,0,22350.0,2,36.98283536,-121.96403054,4
2017,2017-10-03,1922,10,3,19,2,Y,A,Y,A,H,C,L,04,,11,H,,Y,,,G,N,N,A,1,0,1,0,21456.0,2,36.91024774,-121.75689395,4
2017,2017-10-02,1708,10,3,17,1,N,A,Y,A,H,A,A,07,W,03,C,,,,,C,N,N,A,1,0,0,0,22350.0,2,36.90634219,-121.75494048,4
2018,2018-01-05,1151,1,4,11,5,Y,C,N,B,H,A,A,01,,08,B,,,,,C,Y,N,A,2,0,0,0,22107.0,4,36.97372055053711,-121.96737670898438,3
2018,2018-01-05,1258,1,4,12,5,N,B,Y,B,H,A,A,01,N,03,C,,,,,C,N,M,A,1,0,0,0,22350.0,4,36.91544342041016,-121.76505279541016,4
2017,2017-12-30,1347,12,4,13,6,N,A,Y,A,H,A,A,01,S,03,C,,,,,C,N,N,D,5,0,0,0,22350.0,2,36.98513717,-122.02769204,4
2018,2018-02-03,1659,2,4,16,6,N,A,N,A,H,A,A,01,N,08,C,Y,,,,E,Y,N,D,2,1,0,0,22107.0,4,36.95237731933594,-122.04466247558594,3
2018,2018-01-25,946,1,4,9,4,N,B,N,B,H,A,N,60,W,11,G,Y,,,,B,N,N,D,1,1,0,0,21954.0,2,36.96892166137695,-122.01738739013672,4
2018,2018-01-16,511,1,4,5,2,N,A,N,A,H,C,A,08,S,01,A,Y,,,,J,Y,N,A,1,1,0,0,23152.0,2,36.973011016845696,-122.01814270019533,4
2018,2018-01-11,1818,1,4,18,4,N,A,N,A,H,C,N,60,N,11,G,Y,,,,B,N,N,A,1,1,0,0,21950.0,2,36.96883773803711,-122.02938842773438,3
2018,2018-01-06,1809,1,4,18,6,N,A,N,A,H,C,A,01,E,21,G,Y,,,,B,N,F,D,1,1,0,0,22106.0,2,36.982128143310554,-122.0218505859375,4
2018,2018-01-06,1721,1,4,17,6,N,-,N,A,H,B,A,01,W,03,C,,,,,C,N,N,D,1,0,0,0,22350.0,2,36.98141098022461,-122.01034545898438,4
2017,2017-12-12,1605,12,4,16,2,N,A,N,A,H,A,A,01,S,03,C,,,,,C,N,F,A,1,0,0,0,22350.0,2,36.96297252,-122.03482358,4
2018,2018-02-11,1910,2,4,19,7,N,A,Y,A,H,C,A,01,N,07,B,,,Y,,C,N,F,A,1,0,0,1,21658.0,3,36.969573974609375,-122.0373306274414,4