ACCIDENT_YEAR,COLLISION_DATE,COLLISION_TIME,MONTH,SEASON,24HOURS,DAY_OF_WEEK,INTERSECTION,WEATHER_1,STATE_HWY_IND,ROAD_SURFACE,ROAD_COND_1,LIGHTING,STWD_VEHTYPE_AT_FAULT,CHP_VEHTYPE_AT_FAULT,DIRECTION,PCF_VIOL_CATEGORY,TYPE_OF_COLLISION,PEDESTRIAN_ACCIDENT,BICYCLE_ACCIDENT,MOTORCYCLE_ACCIDENT,TRUCK_ACCIDENT,MVIW,TOW_AWAY,HIT_AND_RUN,CONTROL_DEVICE,NUMBER_INJURED,COUNT_PED_INJURED,COUNT_BICYCLIST_INJURED,COUNT_MC_INJURED,PCF_VIOLATION,PARTY_COUNT,POINT_Y,POINT_X,COLLISION_SEVERITY
2018,2018-03-14,1733,3,1,17,3,N,B,N,A,H,A,A,01,N,03,C,,,,,C,Y,N,D,1,0,0,0,22350.0,2,36.963428497314446,-121.99859619140624,4
2018,2018-03-14,1027,3,1,10,3,N,B,Y,B,H,A,A,01,S,08,E,,,,,J,Y,N,D,1,0,0,0,22107.0,1,37.12622833251953,-121.97376251220705,4
2018,2018-03-17,1625,3,1,16,6,N,C,Y,B,H,A,A,07,S,03,C,,,,,C,Y,N,D,1,0,0,0,22350.0,2,36.986980438232415,-121.98607635498048,4
2018,2018-03-16,1510,3,1,15,5,N,A,N,A,H,A,A,01,W,03,C,,,,,C,N,N,D,1,0,0,0,22350.0,2,36.96779251098633,-121.99967193603516,4
2018,2018-03-21,1740,3,1,17,3,N,B,Y,B,H,A,D,22,N,08,D,,,,,C,Y,N,D,1,0,0,0,22107.0,2,36.96733856201172,-122.1120834350586,4
2018,2018-03-17,448,3,1,4,6,N,C,Y,B,H,D,A,01,N,08,E,,,,,I,Y,N,D,1,0,0,0,22107.0,1,37.106895446777344,-121.97648620605467,2
2018,2018-03-18,700,3,1,7,7,N,B,Y,B,H,A,A,01,S,08,E,,,,,I,Y,N,D,2,0,0,0,22107.0,1,37.12610626220703,-121.9736557006836,3
2018,2018-03-19,2112,3,1,21,1,N,A,Y,A,H,D,A,01,W,01,D,,,,,C,Y,N,D,3,0,0,0,23152.0,2,36.98848342895508,-121.71494293212892,3
2018,2018-03-20,2030,3,1,20,2,N,B,Y,B,H,D,A,01,E,03,E,,,,,I,Y,M,D,1,0,0,0,22350.0,1,36.91413497924805,-121.66616058349608,3
2018,2018-03-11,1630,3,1,16,7,N,A,N,A,H,A,D,22,S,05,D,,,,,C,Y,N,D,1,0,0,0,21460.0,2,37.10581970214844,-121.9460678100586,3
2018,2018-03-17,930,3,1,9,6,N,B,Y,B,H,A,A,07,N,03,E,,,,,I,Y,N,D,1,0,0,0,22350.0,1,37.10676193237305,-121.9762725830078,3
2018,2018-03-17,730,3,1,7,6,N,B,Y,B,H,A,A,07,S,03,E,,,,,I,Y,N,D,1,0,0,0,22350.0,1,37.01927185058594,-122.02773284912108,2
2018,2018-03-18,1328,3,1,13,7,N,A,N,A,H,A,A,01,W,09,D,,,,,C,Y,N,D,1,0,0,0,21804.0,2,36.987957000732415,-121.97276306152344,4
2018,2018-03-16,1431,3,1,14,5,N,A,Y,A,H,A,A,07,S,03,E,,,,,J,Y,N,D,2,0,0,0,22350.0,1,,,2
2017,2017-11-10,355,11,3,3,5,N,A,N,A,H,D,D,22,W,03,E,,,,,J,Y,N,D,0,0,0,0,22350.0,1,36.95955495,-121.88510868,1
2018,2018-03-17,2130,3,1,21,6,N,A,N,A,H,D,A,07,N,01,E,,,,,I,Y,M,D,1,0,0,0,23152.0,1,36.88322448730469,-121.79827117919922,3
2018,2018-03-18,2325,3,1,23,7,N,A,Y,A,H,D,A,07,N,01,E,,,,,I,Y,N,D,1,0,0,0,23152.0,1,37.08945083618164,-122.08890533447266,3
2018,2018-03-15,1733,3,1,17,4,N,C,Y,B,H,A,-,99,N,03,C,,,,,C,Y,M,D,1,0,0,0,22350.0,2,36.990528106689446,-122.0224380493164,4
2018,2018-03-15,1534,3,1,15,4,Y,B,N,B,H,A,A,01,,09,D,,,,,C,Y,N,A,1,0,0,0,21802.0,2,36.946250915527344,-121.71749877929688,2
2018,2018-03-18,21,3,1,0,7,N,C,Y,B,H,D,A,07,S,08,E,,,,,I,Y,N,D,1,0,0,0,22107.0,1,37.11985397338867,-121.97599792480467,3
2018,2018-03-17,2330,3,1,23,6,N,A,Y,B,H,D,A,01,S,05,A,,,,,C,Y,N,D,1,0,0,0,21460.0,2,37.119720458984375,-121.97597503662108,3
2018,2018-03-20,1350,3,1,13,2,N,B,Y,A,H,A,D,22,S,03,E,,,,,I,Y,N,D,1,0,0,0,22350.0,1,36.988746643066406,-122.01601409912108,3
2018,2018-03-20,730,3,1,7,2,N,C,Y,B,H,A,A,01,S,03,C,,,,,C,N,N,D,1,0,0,0,22350.0,2,36.94890594482422,-121.8498992919922,4
2018,2018-03-20,106,3,1,1,2,N,A,Y,A,H,D,A,01,S,01,E,,,,,I,Y,N,D,1,0,0,0,23152.0,1,36.98296737670898,-121.96023559570312,4
2018,2018-03-23,735,3,1,7,5,N,A,Y,A,H,A,A,01,N,03,C,,,,,C,N,N,D,2,0,0,0,22350.0,2,36.97043991088867,-121.87310028076172,4
2018,2018-03-20,1600,3,1,16,2,N,C,Y,B,H,A,A,01,N,08,E,,,,,I,Y,N,D,1,0,0,0,22107.0,1,37.109676361083984,-121.97672271728516,4
2018,2018-03-20,1210,3,1,12,2,Y,B,N,B,H,A,A,01,,12,D,,,,,C,Y,N,A,1,0,0,0,21453.0,2,36.98873901367188,-121.97911834716795,3
2018,2018-03-22,910,3,1,9,4,Y,B,Y,B,H,A,A,01,,09,D,,,,,C,Y,N,A,2,0,0,0,21802.0,2,36.89520263671875,-121.77210235595705,3
2018,2018-03-23,1551,3,1,15,5,N,A,Y,A,H,A,A,01,N,08,E,,,,,I,Y,N,D,1,0,0,0,22107.0,1,37.120391845703125,-121.97599792480467,4
2018,2018-03-27,1829,3,1,18,2,N,A,Y,A,H,A,A,01,N,08,E,,,,,I,Y,N,D,1,0,0,0,22107.0,1,37.120800018310554,-121.975830078125,4
2018,2018-03-23,1901,3,1,19,5,N,A,N,A,H,A,A,01,E,08,E,,,,,I,Y,N,D,1,0,0,0,22107.0,1,36.986846923828125,-121.9364013671875,4
2018,2018-03-22,655,3,1,6,4,N,B,N,B,H,B,-,- ,E,18,E,,,,,J,Y,N,D,1,0,0,0,,1,37.154544830322266,-122.08261108398438,4
2018,2018-03-26,1250,3,1,12,1,N,A,Y,A,H,A,A,01,S,07,B,,,,,C,Y,N,D,1,0,0,0,21658.0,2,36.9840202331543,-121.93278503417967,3
2018,2018-03-21,1340,3,1,13,3,N,B,Y,B,H,A,A,08,N,03,E,,,,,I,Y,N,D,1,0,0,0,22350.0,1,37.106895446777344,-121.97647857666016,3
2018,2018-03-24,2003,3,1,20,6,N,A,N,B,H,D,A,01,N,08,F,,,,,A,Y,N,D,1,0,0,0,22107.0,1,37.05982208251953,-121.94113159179688,3
2018,2018-03-25,1424,3,1,14,7,N,B,Y,B,H,A,A,01,N,03,C,,,,,C,N,N,D,1,0,0,0,22350.0,2,37.095260620117195,-121.9766845703125,4
2018,2018-03-25,1715,3,1,17,7,N,A,N,B,H,A,C,02,N,03,F,,,Y,,A,Y,N,D,1,0,0,1,22350.0,1,37.0219612121582,-121.96148681640624,2
2018,2018-03-21,745,3,1,7,3,N,C,Y,B,H,A,G,27,N,08,F,,,,Y,A,Y,N,D,1,0,0,0,22107.0,1,36.895301818847656,-121.77529907226562,2
2018,2018-03-29,1500,3,1,15,4,N,A,Y,A,H,A,-,- ,N,18,E,,,,,J,Y,N,D,1,0,0,0,,1,36.964405059814446,-121.8666763305664,2
2018,2018-03-30,1613,3,1,16,5,N,A,Y,A,H,A,A,01,S,08,E,,,,,I,Y,N,D,1,0,0,0,22107.0,1,36.97361755371094,-121.88226318359376,3
2018,2018-03-27,1638,3,1,16,2,N,A,Y,A,H,A,C,02,N,03,C,,,Y,,C,Y,N,D,1,0,0,1,22350.0,2,36.97243118286133,-121.87836456298828,2
2018,2018-03-29,1215,3,1,12,4,N,A,Y,A,H,A,A,01,N,03,C,,,,,C,N,N,D,3,0,0,0,22350.0,3,36.984081268310554,-121.93990325927734,4
2018,2018-03-30,1300,3,1,13,5,N,A,Y,A,H,A,C,02,S,03,F,,,Y,,J,Y,N,D,1,0,0,1,22350.0,1,37.142459869384766,-121.9852294921875,3
2018,2018-03-30,1428,3,1,14,5,N,A,Y,A,H,A,D,22,N,03,C,,,,,C,N,N,D,1,0,0,0,22350.0,3,36.97884368896485,-121.91220092773438,4
2018,2018-03-31,1755,3,1,17,6,N,A,Y,A,H,A,C,02,E,08,E,,,Y,,I,Y,N,D,1,0,0,1,22107.0,1,36.96784973144531,-121.7196807861328,2
2018,2018-04-02,432,4,1,4,1,N,A,N,A,H,C,A,01,E,01,E,,,,,I,Y,N,D,1,0,0,0,23152.0,1,36.9411506652832,-121.78717803955078,3
2018,2018-04-02,930,4,1,9,1,N,B,Y,A,H,A,A,01,N,03,C,,,,,C,Y,N,D,1,0,0,0,22350.0,2,36.93439102172852,-121.81982421875,4
2018,2018-04-04,700,4,1,7,3,N,B,Y,A,H,A,D,22,S,04,C,,,,,C,Y,N,D,1,0,0,0,21703.0,2,36.959415435791016,-121.86106872558594,4
2018,2018-04-07,850,4,1,8,6,N,B,Y,B,H,A,A,01,S,03,E,,,,,I,Y,N,D,1,0,0,0,22350.0,1,37.01891326904297,-122.02779388427734,4
2018,2018-04-06,915,4,1,9,5,N,A,Y,B,H,A,A,01,N,03,E,,,,,I,Y,N,D,1,0,0,0,22350.0,1,37.10462951660156,-121.97491455078124,3
2018,2018-03-30,1738,3,1,17,5,N,A,Y,A,H,A,C,02,N,08,E,,,Y,,I,N,N,D,1,0,0,1,22107.0,1,36.989570617675774,-122.02001953125,3
2018,2018-04-01,216,4,1,2,7,N,A,Y,A,H,D,A,07,N,00,E,,,,,I,Y,M,D,1,0,0,0,20002.0,1,37.098236083984375,-122.09786224365234,4
2018,2018-03-31,2155,3,1,21,6,Y,A,Y,A,H,C,A,01,,09,D,,,,,C,Y,N,D,1,0,0,0,21802.0,2,,,4
2018,2018-04-02,1645,4,1,16,1,N,A,N,A,H,A,A,01,S,03,C,,,,,C,Y,N,D,2,0,0,0,22350.0,3,36.97136688232422,-121.81952667236328,3
2018,2018-04-04,1450,4,1,14,3,Y,A,Y,A,H,A,D,22,,08,D,,,,,C,Y,N,D,2,0,0,0,22107.0,2,37.123291015625,-122.1216278076172,3
2018,2018-04-02,1810,4,1,18,1,N,A,Y,A,H,A,A,01,E,08,E,,,,,I,Y,N,D,2,0,0,0,22107.0,1,37.171024322509766,-122.18055725097656,2
2018,2018-03-31,1421,3,1,14,6,N,A,N,A,H,A,A,07,W,01,E,,,,,I,Y,N,D,1,0,0,0,23152.0,1,37.05211639404297,-122.09461212158205,4
2018,2018-04-04,2352,4,1,23,3,N,A,N,A,H,C,A,01,N,01,E,,,,,I,Y,M,D,1,0,0,0,23152.0,1,36.97309112548828,-121.95201873779295,3
2018,2018-04-09,1100,4,1,11,1,N,A,N,A,H,A,D,22,W,03,B,,,,,C,Y,N,D,1,0,0,0,22350.0,2,37.07916641235352,-121.81700134277344,4
2018,2018-04-06,2130,4,1,21,5,N,C,Y,B,H,D,A,08,S,03,C,,,,,C,Y,N,D,1,0,0,0,22350.0,2,36.99624633789063,-122.01994323730467,4
2018,2018-04-07,807,4,1,8,6,N,C,Y,B,H,A,A,01,S,08,E,,,,,I,Y,N,D,2,0,0,0,22107.0,1,37.03005599975586,-122.02291107177734,3
2018,2018-04-04,1820,4,1,18,3,N,A,N,A,H,A,A,01,W,03,C,,,,,C,N,N,A,1,0,0,0,22350.0,2,36.98740005493164,-121.96498107910156,4
2018,2018-04-10,704,4,1,7,2,Y,B,N,A,H,A,D,22,,08,B,,Y,,,G,N,N,A,1,0,1,0,22100.0,2,36.9886589050293,-121.98291778564452,3
2018,2018-03-30,1320,3,1,13,5,N,A,Y,A,H,A,C,02,W,03,E,,,Y,,J,N,N,D,1,0,0,1,22350.0,1,36.990234375,-121.71622467041016,2
2018,2018-04-11,732,4,1,7,3,N,A,N,A,H,A,A,07,W,03,C,,,,,C,Y,N,D,2,0,0,0,22350.0,3,36.974220275878906,-121.87043762207033,4
2018,2018-04-14,347,4,1,3,6,N,A,N,A,H,D,D,22,N,01,E,,,,,I,Y,M,D,1,0,0,0,23152.0,1,37.05296325683594,-122.03865814208984,3
2018,2018-04-05,2325,4,1,23,4,N,B,N,B,H,D,A,01,S,01,E,,,,,I,Y,N,D,1,0,0,0,23152.0,1,36.988651275634766,-122.02686309814452,3
2018,2018-04-01,1445,4,1,14,7,N,A,Y,A,H,A,A,01,N,21,D,,,Y,,C,N,N,D,1,0,0,1,22106.0,2,37.00590133666992,-122.18560028076172,3
2018,2018-04-09,1255,4,1,12,1,N,A,N,A,H,A,A,07,W,01,E,,,,,I,Y,N,D,1,0,0,0,23152.0,1,36.88701629638672,-121.79212951660156,4
2018,2018-04-05,1344,4,1,13,4,N,A,N,A,H,A,A,01,N,05,B,,,,,C,Y,F,A,1,0,0,0,21460.0,4,36.98844146728516,-121.95733642578124,2
2018,2018-04-08,1011,4,1,10,7,Y,A,N,A,H,A,A,01,,01,E,,,,,I,Y,N,D,1,0,0,0,23152.0,1,36.98609161376953,-121.95455169677734,4
2018,2018-04-09,1030,4,1,10,1,N,A,N,A,H,A,L,04,E,09,G,,Y,,,G,N,N,D,1,0,1,0,21804.0,2,36.98781204223633,-121.94438934326172,3
2018,2018-04-09,1930,4,1,19,1,N,A,N,A,H,B,A,01,N,01,E,,,,,I,Y,N,D,1,0,0,0,23152.0,1,37.02986526489258,-122.10146331787108,3
2018,2018-04-16,900,4,1,9,1,N,B,Y,B,H,A,A,01,S,08,E,,,,,I,Y,N,D,2,0,0,0,22107.0,1,36.93108367919922,-121.80876159667967,4
2018,2018-04-14,1140,4,1,11,6,N,A,Y,A,H,A,D,22,N,03,C,,,,,C,Y,N,D,2,0,0,0,22350.0,3,37.00130462646485,-122.02115631103516,4
2018,2018-04-06,2116,4,1,21,5,N,C,Y,B,H,C,A,01,S,03,E,,,,,I,Y,N,D,1,0,0,0,22350.0,1,36.992534637451165,-122.0196533203125,3
2018,2018-04-08,2215,4,1,22,7,N,A,N,A,H,D,A,01,N,03,E,,,,,I,Y,N,D,2,0,0,0,22350.0,1,37.075698852539055,-122.13143920898438,3
2020,2020-02-21,1549,2,4,15,5,Y,B,Y,A,H,A,A,07,,09,D,,,,,C,N,N,A,1,0,0,0,21802.0,2,36.91350555419922,-121.7558135986328,4
2020,2020-02-21,1538,2,4,15,5,N,A,N,A,H,A,N,60,S,11,G,Y,,,,B,N,N,D,1,1,0,0,21954.0,2,36.97702026367188,-122.0271224975586,2
2020,2020-01-17,600,1,4,6,5,Y,A,Y,B,H,C,A,01,,12,D,,,,,C,Y,N,A,2,0,0,0,21453.0,2,36.9621467590332,-122.04496002197266,3
2018,2018-04-12,1350,4,1,13,4,N,B,Y,B,H,A,D,22,N,03,E,,,,,I,N,N,D,1,0,0,0,22350.0,1,37.1046142578125,-121.97492218017578,4
2018,2018-04-11,129,4,1,1,3,N,A,N,A,H,D,L,04,N,08,H,,Y,,,G,N,N,D,1,0,1,0,22107.0,1,36.96465301513672,-121.81031799316406,3
2018,2018-04-16,743,4,1,7,1,N,B,Y,B,H,A,F,26,S,03,C,,,,Y,C,Y,N,D,5,0,0,0,22350.0,4,36.95656967163086,-121.85812377929688,2
2018,2018-04-11,1810,4,1,18,3,N,B,Y,A,H,A,D,22,S,08,C,,Y,,,G,N,N,D,1,0,1,0,22107.0,2,36.98411178588867,-122.14740753173828,3
2018,2018-04-14,1240,4,1,12,6,N,A,Y,A,H,A,C,02,N,08,F,,,Y,,A,Y,N,D,1,0,0,1,22107.0,1,37.15869903564453,-122.0063705444336,4
2018,2018-04-13,2259,4,1,22,5,N,A,N,A,H,D,D,22,N,01,E,,,,,I,Y,N,D,1,0,0,0,23152.0,1,37.001747131347656,-122.00249481201172,3
2018,2018-04-16,1003,4,1,10,1,N,B,Y,B,H,A,A,01,N,03,C,,,,,C,Y,N,D,2,0,0,0,22350.0,2,36.95027160644531,-121.85150146484376,3
2020,2020-06-26,857,6,2,8,5,Y,A,Y,A,H,A,A,01,,12,D,,,,,C,N,N,A,2,0,0,0,21453.0,2,36.91025161743164,-121.7568817138672,4
2018,2018-04-18,2023,4,1,20,3,N,A,N,A,H,C,A,01,N,03,C,,,,,C,Y,N,D,1,0,0,0,22350.0,2,36.96872329711913,-121.99786376953124,3
2018,2018-04-14,1450,4,1,14,6,N,A,N,A,H,A,A,01,W,05,A,,,,,C,Y,N,D,3,0,0,0,21460.0,2,37.04865646362305,-122.08851623535156,4
2018,2018-04-19,1738,4,1,17,4,N,A,N,A,H,A,A,01,W,05,A,,Y,,,G,Y,N,A,1,0,1,0,21460.0,2,36.97128677368164,-121.77200317382812,2
2018,2018-04-19,815,4,1,8,4,N,A,N,A,H,A,C,02,S,08,F,,,Y,,A,N,N,D,1,0,0,1,22107.0,1,37.03647232055664,-122.08336639404295,2
2018,2018-04-21,1038,4,1,10,6,Y,A,N,A,H,A,A,01,,09,D,,,Y,,C,N,N,A,1,0,0,1,21801.0,2,37.10239028930664,-121.94757843017578,2
2018,2018-04-20,1530,4,1,15,5,N,A,N,A,H,A,A,07,N,08,F,,Y,,,A,N,N,D,1,0,1,0,22107.0,2,36.97567367553711,-121.8862762451172,3
2018,2018-04-21,1421,4,1,14,6,N,A,N,A,H,A,C,02,W,03,F,,,Y,,A,N,N,D,1,0,0,1,22350.0,1,37.14303588867188,-122.19744110107422,3
2018,2018-04-22,1000,4,1,10,7,Y,A,N,A,H,A,A,01,,09,D,,,Y,,C,N,N,D,1,0,0,1,21801.0,2,36.93290328979492,-121.7436294555664,4
2018,2018-04-22,2100,4,1,21,7,N,A,Y,A,H,D,D,22,W,08,E,,,,,I,Y,N,D,1,0,0,0,22107.0,1,36.99006652832031,-121.71595001220705,3
2018,2018-04-22,1453,4,1,14,7,N,A,N,A,H,A,A,08,N,05,B,,,,,C,Y,N,D,1,0,0,0,21460.0,2,36.97536087036133,-121.97725677490234,4
2018,2018-04-19,1705,4,1,17,4,N,A,N,A,H,A,A,01,E,08,E,,,,,I,Y,N,D,1,0,0,0,22107.0,1,36.98607635498047,-121.73793792724608,2
2018,2018-04-22,1240,4,1,12,7,N,A,Y,A,H,A,A,07,W,03,C,,,,,C,N,N,D,1,0,0,0,22350.0,2,36.90380859375,-121.64151000976562,4
2018,2018-04-24,1156,4,1,11,2,N,B,N,A,H,A,A,07,E,21,C,,,,,C,N,N,D,1,0,0,0,22106.0,2,36.96358489990234,-121.96479034423828,3
2018,2018-04-25,1549,4,1,15,3,N,A,Y,A,H,A,A,01,N,03,C,,,,,C,N,N,D,1,0,0,0,22350.0,2,36.98268508911133,-121.96421051025392,3
2018,2018-04-26,917,4,1,9,4,N,B,Y,A,H,A,A,07,S,03,C,,,,,C,N,N,D,1,0,0,0,22350.0,3,36.97782897949219,-121.9098892211914,4
2018,2018-04-23,750,4,1,7,1,N,B,N,A,H,A,H,13,S,08,E,,,,,I,Y,N,D,1,0,0,0,22107.0,1,36.97194290161133,-121.76502990722656,4
2018,2018-04-25,1712,4,1,17,3,N,A,Y,A,H,A,-,99,S,07,B,,,Y,,C,Y,F,D,1,0,0,1,21658.0,2,36.983428955078125,-121.92913055419922,3
2018,2018-04-26,2145,4,1,21,4,N,A,Y,A,H,D,A,07,S,08,F,,,,,I,Y,N,D,2,0,0,0,22107.0,1,37.04749298095703,-122.06401824951172,2
2018,2018-05-01,948,5,1,9,2,N,A,N,A,H,A,A,01,N,01,E,,,,,I,Y,N,D,1,0,0,0,23152.0,1,37.04507827758789,-121.79812622070312,3
2018,2018-04-26,1544,4,1,15,4,N,A,Y,A,H,A,A,01,N,03,C,,,,,C,Y,N,D,1,0,0,0,22350.0,2,,,4
2018,2018-04-27,2020,4,1,20,5,N,A,Y,A,H,D,D,22,S,03,C,,,,,C,N,N,D,1,0,0,0,22350.0,2,37.0740966796875,-122.08452606201172,4
2018,2018-04-27,1430,4,1,14,5,N,A,N,A,H,A,A,07,S,08,E,,,,,I,Y,N,D,1,0,0,0,22107.0,1,36.9976921081543,-121.95137786865234,3
2018,2018-04-10,2124,4,1,21,2,N,A,N,A,H,C,N,60,E,09,G,Y,,,,B,N,N,A,1,1,0,0,21801.0,2,36.96769714355469,-121.99799346923828,2
2018,2018-04-28,610,4,1,6,6,N,A,N,A,H,A,-,- ,W,18,E,,,,,I,Y,N,D,1,0,0,0,,1,36.9871482849121,-121.96675872802734,4
2018,2018-04-28,1440,4,1,14,6,Y,A,N,A,H,A,A,01,,09,D,,,,,C,Y,N,A,2,0,0,0,21802.0,2,36.98851013183594,-121.97794342041016,4
2020,2020-02-28,607,2,4,6,5,N,A,N,A,H,B,N,60,W,11,G,Y,,,,B,N,F,D,1,1,0,0,21954.0,2,36.91685485839844,-121.78453063964844,4
2018,2018-04-17,30,4,1,0,2,N,A,Y,A,H,D,A,01,N,08,C,,,,,C,Y,N,D,2,0,0,0,22107.0,2,36.898433685302734,-121.77680206298828,2
2017,2017-12-02,1659,12,4,16,6,N,A,N,A,H,B,A,01,E,01,G,Y,,,,B,Y,F,D,1,0,0,0,23152.0,2,36.98745788,-121.94892914,1
2018,2018-04-28,1020,4,1,10,6,N,B,Y,A,H,A,E,22,S,08,B,,Y,,,G,N,N,D,1,0,1,0,22107.0,2,37.038124084472656,-122.06728363037108,3
2018,2018-04-30,1210,4,1,12,1,N,A,N,A,H,A,A,08,N,09,D,,,,,C,Y,N,D,2,0,0,0,21804.0,2,37.016704559326165,-122.0350341796875,2
2018,2018-05-01,1906,5,1,19,2,N,A,N,A,H,A,A,01,W,09,D,,,,,C,Y,N,D,1,0,0,0,21804.0,2,36.93970489501953,-121.77011108398438,3
2018,2018-05-01,2213,5,1,22,2,N,A,N,A,H,C,A,01,N,10,G,Y,,,,B,N,N,A,1,1,0,0,21950.0,2,36.98760986328125,-121.96955871582033,3
2018,2018-05-02,1203,5,1,12,3,Y,A,Y,A,H,A,A,07,,03,C,,,,,C,Y,N,A,1,0,0,0,22350.0,2,37.095211029052734,-121.97672271728516,3
2018,2018-05-02,1450,5,1,14,3,N,A,Y,A,H,A,-,99,N,03,C,,,,,C,N,N,D,1,0,0,0,22350.0,2,37.12042617797852,-121.97599029541016,4
2018,2018-05-02,958,5,1,9,3,Y,A,N,A,H,A,A,07,,12,D,,,,,C,Y,N,A,3,0,0,0,21453.0,2,36.98873901367188,-121.97911834716795,3
2018,2018-05-02,1425,5,1,14,3,Y,A,Y,A,H,A,A,07,,09,D,,,,Y,C,Y,F,A,3,0,0,0,21802.0,4,37.11981964111328,-121.97599792480467,3
2018,2018-05-03,1645,5,1,16,4,N,A,Y,A,H,A,D,22,S,07,B,,,Y,,C,Y,N,D,1,0,0,1,21658.0,3,36.98697280883789,-121.9860382080078,3
2018,2018-05-04,1900,5,1,19,5,N,A,Y,A,H,A,A,01,N,05,B,,,,,C,Y,N,D,1,0,0,0,21460.0,2,37.10036087036133,-121.97689819335938,4
2018,2018-05-04,945,5,1,9,5,N,B,Y,A,H,A,D,22,S,03,C,,,,,C,N,N,D,1,0,0,0,22350.0,2,36.97502899169922,-121.8971710205078,4
2018,2018-05-02,1340,5,1,13,3,N,A,N,A,H,A,C,02,E,03,D,,,Y,,C,Y,N,D,1,0,0,1,22350.0,2,37.13213348388672,-122.10901641845705,4
2018,2018-05-04,750,5,1,7,5,N,A,Y,A,H,A,F,26,N,03,C,,,,Y,C,Y,N,D,1,0,0,0,22350.0,3,36.98406982421875,-121.93699645996094,4
2020,2020-03-18,1554,3,1,15,3,Y,-,N,-,-,-,-,,,03,-,,,,,-,N,M,-,1,0,0,0,22350.0,2,36.915260314941406,-121.76429748535156,4
2020,2020-03-02,1720,3,1,17,1,Y,A,N,A,H,A,L,04,,05,G,Y,Y,,,-,N,N,D,1,0,1,0,21460.0,3,36.9937,-122.06254,3
2020,2020-03-03,2202,3,1,22,2,Y,A,N,A,H,C,L,04,,03,H,,Y,,,I,N,N,A,1,0,1,0,22350.0,1,36.98114013671875,-122.05255126953124,3
2018,2018-05-04,1835,5,1,18,5,N,A,N,A,H,A,A,01,E,05,B,,,,,C,Y,N,D,1,0,0,0,21460.0,2,36.938301086425774,-121.70665740966795,4
2018,2018-05-05,1510,5,1,15,6,N,A,N,A,H,A,A,01,E,08,E,,,,,I,Y,N,D,1,0,0,0,22107.0,1,36.987396240234375,-121.94938659667967,4
2018,2018-05-06,918,5,1,9,7,N,A,N,A,H,A,L,04,S,03,C,,Y,,,G,N,N,D,1,0,1,0,22350.0,2,36.9627685546875,-121.98812866210938,3
2018,2018-05-07,853,5,1,8,1,N,A,Y,A,H,A,A,01,S,01,B,,Y,,,G,Y,N,D,1,0,1,0,23152.0,2,36.9779167175293,-121.91043853759766,3
2018,2018-05-06,233,5,1,2,7,N,A,Y,A,H,D,D,22,S,08,E,,,,,I,Y,N,D,1,0,0,0,22107.0,1,36.943092346191406,-121.84158325195312,2
2018,2018-05-06,240,5,1,2,7,N,B,Y,A,C,D,A,01,S,03,E,,,,,C,Y,N,D,1,0,0,0,22350.0,2,36.94378662109375,-121.84269714355467,3
2018,2018-05-08,1337,5,1,13,2,N,A,N,A,H,A,-,- ,N,18,E,,,,,I,Y,N,D,1,0,0,0,,1,37.04066467285156,-121.9844207763672,3
2018,2018-05-09,1757,5,1,17,3,N,A,N,A,H,A,A,01,E,09,D,,Y,,,G,N,N,D,1,0,1,0,21801.0,2,36.981121063232415,-121.96600341796876,3
2018,2018-05-09,1405,5,1,14,3,N,A,N,A,H,A,A,07,N,03,C,,,,,C,N,N,A,1,0,0,0,22350.0,2,,,4
2018,2018-05-08,2152,5,1,21,2,N,A,Y,A,H,B,A,01,S,03,E,,,,,I,Y,N,D,1,0,0,0,22350.0,1,37.25293731689453,-122.13518524169922,4
2018,2018-05-09,1115,5,1,11,3,N,A,N,A,H,A,A,07,W,09,D,,,,,A,Y,N,D,2,0,0,0,21801.0,2,36.958984375,-121.80377197265624,3
2018,2018-05-10,1056,5,1,10,4,N,A,Y,A,H,A,A,01,S,03,C,,,,,C,Y,N,D,2,0,0,0,22350.0,4,36.9876823425293,-121.99050903320312,4
2018,2018-05-05,1645,5,1,16,6,N,A,Y,A,H,A,C,02,S,03,F,,,Y,,A,Y,N,D,1,0,0,1,22350.0,1,36.962249755859375,-122.0983657836914,2