ACCIDENT_YEAR,COLLISION_DATE,COLLISION_TIME,MONTH,SEASON,24HOURS,DAY_OF_WEEK,INTERSECTION,WEATHER_1,STATE_HWY_IND,ROAD_SURFACE,ROAD_COND_1,LIGHTING,STWD_VEHTYPE_AT_FAULT,CHP_VEHTYPE_AT_FAULT,DIRECTION,PCF_VIOL_CATEGORY,TYPE_OF_COLLISION,PEDESTRIAN_ACCIDENT,BICYCLE_ACCIDENT,MOTORCYCLE_ACCIDENT,TRUCK_ACCIDENT,MVIW,TOW_AWAY,HIT_AND_RUN,CONTROL_DEVICE,NUMBER_INJURED,COUNT_PED_INJURED,COUNT_BICYCLIST_INJURED,COUNT_MC_INJURED,PCF_VIOLATION,PARTY_COUNT,POINT_Y,POINT_X,COLLISION_SEVERITY
2020,2020-12-02,1718,12,4,17,3,N,A,N,A,H,B,A,08,S,03,C,,,,,C,Y,N,A,2,0,0,0,22350.0,3,36.95051956176758,-121.764892578125,4
2020,2020-11-05,1700,11,3,17,4,Y,A,N,A,H,B,A,08,,09,D,,,,,C,Y,N,D,1,0,0,0,21801.0,2,36.981548309326165,-121.86441802978516,1
2020,2020-12-07,827,12,4,8,1,N,A,N,A,H,A,A,01,W,09,D,,,,,C,Y,N,A,2,0,0,0,21804.0,2,36.97091674804688,-121.90394592285156,3
2020,2020-12-04,1351,12,4,13,5,N,A,N,A,H,A,A,01,N,01,G,Y,,,,B,Y,N,D,1,1,0,0,23152.0,2,36.9740104675293,-121.87049102783205,2
2020,2020-12-06,1700,12,4,17,7,N,A,Y,A,H,D,A,07,S,08,E,,,,,I,Y,N,D,2,0,0,0,22107.0,1,36.975482940673835,-121.9050521850586,4
2020,2020-12-09,1004,12,4,10,3,N,A,Y,A,H,A,-,- ,N,18,E,,,,,I,Y,N,D,1,0,0,0,,1,,,3
2020,2020-12-11,1208,12,4,12,5,N,A,N,A,H,A,A,07,S,03,C,,,,,C,Y,N,D,2,0,0,0,22350.0,2,36.98375701904297,-121.97388458251952,4
2020,2020-12-04,630,12,4,6,5,Y,A,N,A,H,B,A,01,,09,A,,,,,C,Y,N,A,1,0,0,0,21453.0,2,36.98910903930664,-121.93575286865234,3
2020,2020-12-11,1720,12,4,17,5,N,B,Y,B,H,D,A,01,E,00,F,,,,,A,Y,N,D,1,0,0,0,22152.0,1,36.97556686401367,-121.71467590332033,3
2020,2020-12-12,1434,12,4,14,6,N,B,N,B,H,A,A,01,S,08,E,,,,,I,Y,N,D,1,0,0,0,22107.0,1,37.02640151977539,-122.09605407714844,3
2020,2020-12-07,1600,12,4,16,1,N,A,N,A,H,A,L,04,W,07,H,,Y,,,G,N,N,D,1,0,1,0,21658.0,2,36.99020767211913,-121.93219757080078,3
2020,2020-12-10,1534,12,4,15,4,N,A,Y,A,H,A,A,01,N,08,E,,,,,I,Y,N,D,1,0,0,0,22107.0,1,36.952194213867195,-121.85416412353516,3
2020,2020-12-15,440,12,4,4,2,N,B,Y,B,H,D,D,23,E,03,E,,,,,I,Y,N,D,1,0,0,0,22350.0,1,36.975074768066406,-121.71469879150392,3
2020,2020-12-13,300,12,4,3,7,N,A,N,A,H,D,A,01,S,08,E,,,,,I,Y,N,D,1,0,0,0,22107.0,1,37.07777786254882,-121.94251251220705,4
2020,2020-12-14,1735,12,4,17,1,N,A,Y,A,H,B,-,99,S,07,C,,,,,C,N,F,D,1,0,0,0,21658.0,2,36.985057830810554,-121.97770690917967,4
2020,2020-12-10,549,12,4,5,4,N,A,Y,A,H,D,A,01,S,08,D,,,,,C,Y,N,D,1,0,0,0,22107.0,2,36.9234619140625,-121.79496002197266,3
2020,2020-12-10,544,12,4,5,4,Y,A,N,A,H,C,A,01,,12,D,,,,,C,Y,N,A,1,0,0,0,21453.0,2,36.97986,-121.90844,4
2020,2020-12-17,1755,12,4,17,4,N,A,N,A,H,D,A,07,N,05,B,,,,,C,Y,N,D,1,0,0,0,21460.0,2,37.001819610595696,-122.03172302246094,4
2020,2020-12-10,1340,12,4,13,4,N,A,N,A,H,A,D,22,W,03,C,,,,,C,Y,F,D,1,0,0,0,22350.0,2,36.97340393066406,-121.88060760498048,4
2020,2020-12-17,1158,12,4,11,4,N,A,N,B,H,A,A,07,E,08,E,,,,,I,Y,N,D,1,0,0,0,22107.0,1,37.05379867553711,-122.09649658203124,3
2020,2020-12-12,1019,12,4,10,6,N,B,N,B,H,A,A,01,S,08,F,,,,,A,Y,N,D,1,0,0,0,22107.0,1,37.10297775268555,-122.0517578125,3
2020,2020-12-11,1530,12,4,15,5,N,B,N,B,H,A,A,01,S,03,F,,,,,A,Y,N,D,1,0,0,0,22350.0,1,37.11846923828125,-121.9256591796875,3
2020,2020-12-11,745,12,4,7,5,N,A,Y,A,H,A,A,01,S,03,C,,,,,C,N,N,D,1,0,0,0,22350.0,2,36.98276138305664,-121.92312622070312,4
2020,2020-12-14,1238,12,4,12,1,N,A,Y,B,H,A,A,01,N,03,F,,,,,A,Y,N,D,2,0,0,0,22350.0,1,37.19632339477539,-122.1459732055664,3
2020,2020-12-12,1622,12,4,16,6,N,B,Y,A,H,B,A,07,S,08,C,,,,,C,N,M,D,1,0,0,0,22107.0,4,37.12507629394531,-122.12220764160156,4
2020,2020-12-17,1535,12,4,15,4,N,A,Y,A,H,A,A,07,N,08,E,,,,,I,Y,N,A,1,0,0,0,22107.0,2,37.053272247314446,-122.07334899902344,3
2020,2020-12-17,2026,12,4,20,4,N,A,N,A,H,D,A,01,W,01,E,,,,,I,Y,N,D,1,0,0,0,23152.0,1,37.088478088378906,-122.08493041992188,3
2020,2020-03-09,1801,3,1,18,1,N,B,Y,A,H,A,D,22,W,05,A,,,,,C,Y,N,D,1,0,0,0,21460.0,2,36.911739349365234,-121.65235137939452,1
2020,2020-12-18,1033,12,4,10,5,Y,A,Y,A,H,A,A,08,,12,D,,,,,C,Y,N,A,2,0,0,0,21453.0,2,37.07425308227539,-122.08452606201172,3
2020,2020-12-21,1955,12,4,19,1,N,A,N,A,H,D,A,01,S,01,E,,,,,I,Y,N,D,1,0,0,0,23152.0,1,37.02096939086913,-121.88043212890624,2
2020,2020-12-21,1657,12,4,16,1,N,A,Y,A,H,B,C,02,N,01,E,,,Y,,I,Y,N,D,1,0,0,1,23152.0,1,,,3
2020,2020-12-22,1755,12,4,17,2,N,A,Y,A,H,C,A,01,N,03,C,,,,,C,N,N,D,1,0,0,0,22350.0,2,,,4
2020,2020-12-23,1745,12,4,17,3,Y,A,N,A,H,C,A,01,,09,D,,,,,C,N,N,D,2,0,0,0,21802.0,2,36.96638870239258,-121.96491241455078,4
2020,2020-12-27,1400,12,4,14,7,N,A,N,A,H,A,A,07,E,03,C,,,,,C,Y,N,D,2,0,0,0,22350.0,2,36.96609115600586,-121.9785614013672,4
2020,2020-12-21,1425,12,4,14,1,N,A,N,A,H,A,A,01,S,05,A,,,,,C,Y,N,D,1,0,0,0,21460.0,2,37.10311508178711,-122.05175018310548,3
2020,2020-12-19,1740,12,4,17,6,Y,A,N,A,H,C,A,01,,03,H,,Y,,,G,Y,N,A,1,0,1,0,22350.0,2,36.98760986328125,-121.96955871582033,2
2020,2020-12-18,1210,12,4,12,5,N,A,N,A,H,A,D,22,E,08,F,,,,,A,Y,N,D,1,0,0,0,22107.0,1,36.93873977661133,-121.80644989013672,3
2020,2020-12-29,627,12,4,6,2,N,A,Y,A,H,D,D,22,S,03,C,,,,,C,Y,N,D,1,0,0,0,22350.0,2,36.941009521484375,-121.83806610107422,4
2020,2020-12-27,2010,12,4,20,7,N,B,Y,A,H,D,A,07,S,03,E,,,,,I,Y,N,D,1,0,0,0,22350.0,1,37.09486389160156,-121.97701263427734,4
2020,2020-12-26,1738,12,4,17,6,N,A,N,B,H,D,D,22,E,01,E,,,,,I,Y,N,D,2,0,0,0,23152.0,1,37.05955505371094,-122.10882568359376,2
2020,2020-12-24,1350,12,4,13,4,N,A,N,A,H,A,-,- ,W,00,B,,,Y,,C,Y,N,D,1,0,0,1,,2,36.97450256347656,-121.77681732177734,3
2020,2020-12-24,1351,12,4,13,4,N,A,N,A,H,A,-,- ,E,00,B,,,Y,,C,Y,N,D,1,0,0,1,,2,36.9789924621582,-121.77593231201172,4
2020,2020-12-31,30,12,4,0,4,N,C,N,B,H,D,A,07,S,01,E,,,,,I,Y,N,D,1,0,0,0,23152.0,1,37.032352447509766,-121.94690704345705,3
2020,2020-12-20,730,12,4,7,7,N,B,N,A,H,A,A,01,S,08,E,,,,,I,Y,N,D,1,0,0,0,22107.0,1,37.050025939941406,-121.98104858398438,3
2020,2020-12-30,1730,12,4,17,3,N,A,Y,A,H,C,A,01,S,03,C,,,,,C,Y,N,D,2,0,0,0,22350.0,2,36.988380432128906,-122.00324249267578,4
2020,2020-12-31,1122,12,4,11,4,N,A,N,A,H,A,D,22,N,03,C,,,,,C,Y,N,D,1,0,0,0,22350.0,2,36.97653198242188,-121.98534393310548,4
2020,2020-11-27,28,11,3,0,5,N,A,N,A,H,D,A,01,E,01,E,,,,,I,Y,N,D,0,0,0,0,23152.0,1,36.96065139770508,-121.78847503662108,1
2020,2020-07-01,1130,7,2,11,3,N,B,N,A,H,A,A,07,N,03,C,,,,,C,N,N,A,2,0,0,0,22350.0,2,36.979804992675774,-122.02143096923828,4
2020,2020-07-06,1609,7,2,16,1,Y,A,N,A,G,A,L,04,,04,C,,Y,,,G,N,N,D,1,0,1,0,21703.0,2,36.962921,-122.02384,3
2020,2020-07-18,2329,7,2,23,6,Y,A,N,A,H,C,A,01,,01,C,,,,,C,Y,N,A,1,0,0,0,23152.0,3,36.981269836425774,-122.02201080322266,4
2020,2020-08-04,555,8,2,5,2,Y,A,N,A,H,B,A,01,,12,D,,,,,C,Y,M,A,1,0,0,0,21453.0,2,36.92829895019531,-121.76631927490234,4
2020,2020-08-20,1032,8,2,10,4,Y,B,N,A,H,A,A,01,,09,D,,,,,C,N,N,A,1,0,0,0,21802.0,2,36.922710418701165,-121.7563934326172,4
2020,2020-07-31,2128,7,2,21,5,Y,A,N,A,H,C,A,01,,01,C,,,,,C,N,N,A,1,0,0,0,23152.0,2,36.93835067749024,-121.77792358398438,4
2020,2020-08-04,1452,8,2,14,2,N,A,N,A,H,A,A,01,N,09,H,,Y,,,G,N,N,A,1,0,1,0,21800.0,2,36.97372055053711,-121.96499633789062,3
2020,2020-08-19,1530,8,2,15,3,Y,F,Y,A,H,A,A,01,,03,C,,,,,C,N,M,A,1,0,0,0,22350.0,2,37.03635787963867,-122.02003479003906,4
2020,2020-12-21,2330,12,4,23,1,N,A,Y,A,H,D,-,- ,N,00,G,Y,,,,B,Y,F,D,0,0,0,0,,2,36.962215423583984,-122.08033752441406,1
2020,2020-09-10,1552,9,3,15,4,Y,A,Y,A,H,A,D,22,,10,G,Y,,,,B,N,N,A,1,1,0,0,21950.0,2,36.91350555419922,-121.7558135986328,4
2020,2020-09-14,707,9,3,7,1,Y,E,Y,A,H,A,L,04,,12,H,,Y,,Y,G,N,N,A,1,0,1,0,21453.0,2,36.91159057617188,-121.75841522216795,3
2020,2020-08-15,1559,8,2,15,6,Y,A,N,A,H,A,A,01,,12,B,,,,,C,Y,N,D,2,0,0,0,22450.0,2,36.92314910888672,-121.7554931640625,4
2020,2020-08-07,1600,8,2,16,5,Y,B,N,A,H,A,L,04,,08,D,,Y,,,G,N,N,D,1,0,1,0,22107.0,2,36.97320175170898,-122.00557708740234,3
2020,2020-09-18,625,9,3,6,5,N,A,N,A,H,C,A,01,N,03,C,,,,,C,N,N,D,2,0,0,0,22350.0,2,36.912376403808594,-121.75909423828124,4
2020,2020-09-15,2147,9,3,21,2,Y,A,N,A,H,C,A,01,,12,D,,,,,D,Y,M,A,1,0,0,0,22450.0,2,36.90642929077149,-121.75950622558594,4
2020,2020-09-24,1334,9,3,13,4,N,A,,A,H,A,A,08,N,03,C,,,,,C,,N,D,2,0,0,0,22350.0,2,36.914653778076165,-121.77616119384766,4
2020,2020-09-24,1822,9,3,18,4,N,A,N,A,H,A,A,01,E,09,D,,,,,C,Y,N,D,1,0,0,0,21804.0,2,36.93102645874024,-121.77672576904295,4
2020,2020-10-06,1807,10,3,18,2,N,A,N,A,H,C,A,01,W,- ,B,,,,,E,Y,N,D,1,0,0,0,,2,36.92219924926758,-121.75742340087892,4
2020,2020-10-04,2149,10,3,21,7,Y,A,Y,A,H,C,A,08,,12,D,,,,,C,Y,N,A,1,0,0,0,21453.0,2,36.907752990722656,-121.7525634765625,4
2020,2020-08-29,1729,8,2,17,6,N,A,N,A,H,A,A,07,N,09,D,,,Y,,C,N,M,D,1,0,0,1,21804.0,2,36.92430114746094,-121.7626724243164,4
2020,2020-07-26,1405,7,2,14,7,Y,A,N,A,H,A,A,01,,04,C,,,,,C,N,N,A,1,0,0,0,21703.0,2,36.97190856933594,-122.02427673339844,4
2020,2020-09-18,2307,9,3,23,5,N,A,Y,A,H,D,-,- ,E,- ,B,,Y,,,G,N,N,D,1,0,1,0,,2,36.910255432128906,-121.7568817138672,4
2020,2020-09-06,1601,9,3,16,7,Y,A,Y,A,H,A,-,- ,,- ,E,,,,,I,Y,N,A,1,0,0,0,,2,36.910255432128906,-121.7568817138672,2
2020,2020-09-21,1437,9,3,14,1,Y,A,Y,A,H,A,A,01,,09,D,,,,,C,Y,N,A,4,0,0,0,21802.0,2,36.92049026489258,-121.79013824462892,3
2020,2020-09-28,1402,9,3,14,1,Y,A,Y,A,H,A,N,60,,11,G,Y,,,,B,,N,D,1,1,0,0,21950.0,2,36.91249847412109,-121.75381469726562,3
2020,2020-09-12,1638,9,3,16,6,N,A,N,A,H,A,A,01,W,01,E,,,,,I,Y,N,A,2,0,0,0,23153.0,2,37.04434585571289,-122.02368927001952,3
2020,2020-10-01,1451,10,3,14,4,N,A,N,A,H,A,D,22,W,03,C,,,,,C,,N,A,2,0,0,0,22350.0,2,36.91666030883789,-121.76050567626952,3
2020,2020-09-10,1445,9,3,14,4,N,A,N,A,H,A,L,04,N,03,H,,Y,,,A,N,N,D,1,0,1,0,22350.0,1,37.041770935058594,-122.0280990600586,2
2020,2020-10-04,812,10,3,8,7,Y,A,N,A,H,A,A,01,,09,D,,,,,C,Y,N,A,1,0,0,0,21453.0,2,37.0432014465332,-122.0251235961914,1
2020,2020-09-25,1616,9,3,16,5,N,A,N,A,H,A,A,01,S,01,D,,,,,E,Y,N,D,1,0,0,0,23152.0,3,36.93131256103516,-121.77921295166016,4
2020,2020-10-11,1915,10,3,19,7,N,A,N,A,H,C,N,60,W,11,G,Y,,,,B,,N,D,1,1,0,0,21954.0,2,36.92257308959961,-121.7624282836914,3
2020,2020-10-14,1714,10,3,17,3,N,A,N,A,H,A,N,60,E,11,G,Y,,,,B,N,N,D,1,1,0,0,21954.0,2,36.9072494506836,-121.75048065185548,4
2020,2020-10-03,1827,10,3,18,6,Y,A,N,A,G,A,L,04,,08,F,,Y,,,A,N,N,D,1,0,1,0,22107.0,1,36.962919,-122.023846,2
2020,2020-10-17,858,10,3,8,6,N,A,N,A,C,A,-,- ,W,- ,E,,Y,,,J,N,N,D,1,0,1,0,,1,36.952186584472656,-122.03374481201172,3
2020,2020-10-21,408,10,3,4,3,Y,A,N,A,H,C,A,01,,00,C,,,,,D,N,N,A,2,0,0,0,22351.0,2,36.97785949707031,-122.02536010742188,3
2020,2020-09-15,2004,9,3,20,2,N,A,N,A,H,C,N,60,W,11,G,Y,,,,B,N,N,A,1,1,0,0,21954.0,2,36.980079650878906,-122.01982879638672,3
2020,2020-09-26,1053,9,3,10,6,N,A,N,A,H,A,A,01,N,09,D,,,Y,,C,Y,N,D,1,0,0,0,21804.0,2,36.93771362304688,-121.77674102783205,3
2020,2020-08-06,1533,8,2,15,4,N,A,Y,A,H,A,A,01,S,05,B,,,,,C,Y,N,D,1,0,0,0,21460.0,2,36.9920654296875,-122.03402709960938,4
2020,2020-08-11,2330,8,2,23,2,Y,A,Y,A,H,C,-,- ,,00,A,,,,,C,Y,N,A,1,0,0,0,,2,36.98443603515625,-122.02977752685548,4
2020,2020-09-11,1752,9,3,17,5,Y,A,N,A,H,B,N,60,,11,G,Y,,,,B,N,N,A,1,1,0,0,21453.0,2,36.96726989746094,-122.00788879394533,3
2020,2020-09-04,2131,9,3,21,5,Y,A,N,A,H,C,A,07,,01,D,,,,,C,Y,N,A,1,0,0,0,23152.0,2,36.98519134521485,-122.02333831787108,4
2020,2020-09-22,2343,9,3,23,2,N,A,N,A,H,D,-,,N,08,G,Y,,,,B,N,F,-,1,1,0,0,22107.0,2,36.97051239013672,-122.04759979248048,4
2020,2020-09-24,1832,9,3,18,4,Y,A,N,A,H,B,A,01,,03,E,,,,,J,N,N,A,1,0,0,0,22350.0,1,36.95705032348633,-122.03785705566406,3
2020,2020-09-27,1834,9,3,18,7,Y,A,N,A,H,A,A,01,,09,F,,,Y,,C,N,N,A,2,0,0,2,21453.0,3,36.96726989746094,-122.00788879394533,3
2020,2020-08-10,1848,8,2,18,1,Y,A,N,A,H,A,L,04,,03,F,,Y,,,G,N,N,D,1,0,1,0,22350.0,1,36.976898193359375,-122.02703857421876,3
2020,2020-10-08,1600,10,3,16,4,Y,A,N,A,H,A,A,01,,03,D,,,,,C,N,N,A,1,0,0,0,22350.0,2,36.98109817504882,-121.95551300048828,4
2020,2020-11-12,1650,11,3,16,4,Y,A,Y,-,H,B,-,,,10,H,,Y,,,G,Y,N,A,1,0,1,0,21950.0,2,36.90520858764648,-121.75788879394533,4
2020,2020-11-10,1648,11,3,16,2,N,A,N,A,H,A,D,23,E,08,E,,,,,I,N,M,A,1,0,0,0,22107.0,1,36.90788650512695,-121.76151275634766,4
2020,2020-10-26,1658,10,3,16,1,N,A,Y,A,H,A,D,22,W,03,C,,,,,A,Y,N,A,1,0,0,0,22350.0,3,36.90932846069336,-121.75052642822266,4
2020,2020-10-29,1707,10,3,17,4,Y,A,Y,A,H,A,L,04,,12,H,,Y,,,G,N,N,A,1,0,1,0,21453.0,2,36.91087341308594,-121.7560577392578,3
2020,2020-11-24,1520,11,3,15,2,N,A,N,A,H,A,D,22,E,03,C,,,,,C,Y,N,A,1,0,0,0,22350.0,2,36.930885314941406,-121.7768096923828,4
2020,2020-10-20,638,10,3,6,2,Y,B,,A,H,B,A,01,,12,D,,,,,C,Y,N,A,1,0,0,0,21453.0,2,36.93283081054688,-121.77081298828124,4
2020,2020-11-16,1310,11,3,13,1,Y,A,N,A,H,A,A,01,,08,H,,Y,,,G,N,N,A,1,0,1,0,22107.0,2,36.910301208496094,-121.75537872314452,4
2020,2020-11-27,1631,11,3,16,5,N,A,Y,A,H,A,D,22,N,03,C,,,,,C,Y,N,D,2,0,0,0,22350.0,3,36.910247802734375,-121.75688934326172,4
2020,2020-11-19,1505,11,3,15,4,Y,A,Y,A,H,A,A,07,,12,D,,,,,C,,N,A,1,0,0,0,21453.0,2,36.906375885009766,-121.75477600097656,4
2020,2020-10-23,1706,10,3,17,5,N,A,N,A,H,A,-,- ,W,18,C,,,,,A,Y,N,A,1,0,0,0,,2,36.97211456298828,-121.95196533203124,4
2020,2020-11-15,1024,11,3,10,7,N,A,N,A,H,A,A,07,N,17,H,,Y,,,G,N,N,D,1,0,1,0,22517.0,2,36.90868377685546,-121.75719451904295,3
2020,2020-10-18,1141,10,3,11,7,N,A,N,A,H,A,A,01,,10,-,Y,,,,B,N,N,A,1,1,0,0,21950.0,2,,,4
2020,2020-11-12,900,11,3,9,4,Y,A,N,A,H,A,A,07,,10,G,Y,,,,B,,N,A,1,1,0,0,21950.0,2,36.925540924072266,-121.77001190185548,3
2020,2020-11-14,1556,11,3,15,6,Y,A,N,A,H,A,F,26,,12,D,,,,Y,C,Y,N,A,3,0,0,0,22450.0,3,36.9232292175293,-121.75961303710938,4
2020,2020-11-19,927,11,3,9,4,Y,A,N,A,H,A,-,- ,,00,H,,Y,,,G,N,N,D,1,0,1,0,,1,36.98385,-122.02302,3
2020,2020-11-20,639,11,3,6,5,Y,A,N,A,H,A,A,07,,09,D,,Y,,,G,N,N,B,1,0,1,0,21800.0,2,36.932071685791016,-121.78742980957033,3
2020,2020-11-02,1324,11,3,13,1,Y,A,Y,A,H,A,A,01,,09,D,,,,,C,Y,N,D,1,0,0,0,21802.0,2,36.968658447265625,-122.03793334960938,3
2020,2020-10-16,2230,10,3,22,5,Y,A,Y,A,H,C,L,04,,12,D,,Y,,,G,N,F,A,1,0,1,0,21453.0,2,36.984500885009766,-122.0298080444336,2
2020,2020-10-27,1634,10,3,16,2,N,A,Y,A,H,A,A,01,N,05,A,,,,,C,Y,M,D,1,0,0,0,21460.0,2,36.97183227539063,-122.0358657836914,4
2020,2020-10-07,2119,10,3,21,3,N,A,Y,A,H,C,A,07,S,03,E,,,,,I,Y,N,A,1,0,0,0,22350.0,1,36.988990783691406,-122.01693725585938,3
2020,2020-12-10,939,12,4,9,4,Y,A,Y,A,H,A,A,01,,09,D,,,,,C,,N,A,1,0,0,0,21801.0,2,36.906375885009766,-121.75477600097656,4
2020,2020-12-20,1017,12,4,10,7,Y,A,Y,A,H,A,A,01,,12,D,,,,,C,Y,N,A,2,0,0,0,21453.0,2,36.91812515258789,-121.78079223632812,4
2020,2020-11-05,815,11,3,8,4,N,A,N,A,H,A,-,- ,S,08,D,,,Y,,J,Y,N,D,1,0,0,1,22107.0,2,36.97370910644531,-121.962646484375,2
2020,2020-11-24,924,11,3,9,2,Y,A,N,A,H,A,A,01,,12,D,,,,,C,N,N,A,1,0,0,0,21453.0,2,37.044281005859375,-122.02362823486328,4
2020,2020-12-01,1250,12,4,12,2,Y,A,N,A,H,A,A,01,,03,C,,,,,C,N,N,D,1,0,0,0,22350.0,2,37.04613876342773,-122.02017211914062,3
2020,2020-11-22,1816,11,3,18,7,N,A,N,A,H,C,-,99,S,03,G,Y,,,,B,N,F,D,1,1,0,0,22350.0,3,36.90728378295898,-121.76207733154295,4
2020,2020-09-08,2128,9,3,21,2,Y,A,N,A,H,C,L,04,,09,H,,Y,,,G,N,F,A,1,0,1,0,21801.0,2,36.98575973510742,-122.02304840087892,2
2020,2020-11-17,2118,11,3,21,2,Y,B,N,B,D,C,A,07,,12,D,,,,,C,Y,N,A,1,0,0,0,22450.0,2,36.9232292175293,-121.75961303710938,4
2020,2020-10-17,1735,10,3,17,6,N,A,N,A,H,A,-,- ,,03,H,,,Y,,-,Y,N,D,1,0,0,1,22350.0,2,36.964113,-122.025275,3
2020,2020-10-23,813,10,3,8,5,Y,A,N,A,H,A,A,01,,12,D,,,,,J,N,N,A,1,0,0,0,22450.0,2,36.967479705810554,-122.02448272705078,3
2020,2020-10-21,1459,10,3,14,3,Y,A,N,A,H,A,A,01,,12,D,,Y,,,G,N,N,D,1,0,1,0,22450.0,2,36.97510147094727,-122.02780151367188,3
2020,2020-10-18,108,10,3,1,7,Y,A,N,A,H,C,M,94,,03,H,Y,,,,-,N,N,A,1,0,0,0,22350.0,2,36.96881866455078,-122.00670623779295,3
2020,2020-12-06,1536,12,4,15,7,Y,A,N,A,H,A,-,- ,,12,D,,,,,C,Y,N,A,3,0,0,0,21453.0,2,36.93524169921875,-121.7814712524414,3
2020,2020-12-18,700,12,4,7,5,Y,A,N,A,H,A,A,01,,12,D,,,,,C,Y,F,A,1,0,0,0,21453.0,2,36.937538146972656,-121.77140808105467,2
2020,2020-12-16,1455,12,4,14,3,N,A,N,A,H,A,D,22,E,08,D,,,,,C,Y,N,D,1,0,0,0,22100.0,2,36.93231201171875,-121.78697204589844,2
2020,2020-12-16,1551,12,4,15,3,N,A,N,A,H,A,A,07,W,09,D,,,,,C,N,N,D,1,0,0,0,21804.0,2,36.94030380249024,-121.77617645263672,4
2020,2020-03-29,1711,3,1,17,7,N,-,N,A,H,B,A,01,W,01,E,,,,,I,Y,N,A,2,0,0,0,23153.0,1,36.97688674926758,-121.94467163085938,2
2020,2020-12-15,124,12,4,1,2,N,A,N,A,H,C,N,60,N,11,G,Y,,,,B,Y,N,D,0,0,0,0,21956.0,2,36.898391723632805,-121.77677917480467,1
2020,2020-12-16,215,12,4,2,3,N,A,N,A,H,C,A,01,E,08,A,,,,,C,N,N,D,2,0,0,0,22107.0,2,36.92380905151367,-121.74648284912108,4
2020,2020-12-23,1157,12,4,11,3,Y,A,Y,A,H,A,D,22,,10,G,Y,,,,B,N,N,A,1,1,0,0,21950.0,2,36.91656875610352,-121.77182769775392,3
2020,2020-12-31,813,12,4,8,4,N,A,Y,A,H,A,A,01,E,- ,C,,,,,C,Y,N,A,2,0,0,0,,3,36.9151611328125,-121.7535400390625,4
2020,2020-12-12,1423,12,4,14,6,N,A,Y,A,H,A,D,22,N,03,C,,,,,C,N,M,A,2,0,0,0,22350.0,2,36.91901016235352,-121.78604888916016,4
2020,2020-12-20,1523,12,4,15,7,Y,A,N,A,H,A,D,22,,09,A,,,,,C,Y,N,D,2,0,0,0,21804.0,3,36.97222137451172,-122.02057647705078,4
2020,2020-11-24,1612,11,3,16,2,Y,A,N,A,H,B,D,22,,09,H,,Y,,,D,N,N,D,1,0,1,0,21801.0,3,36.961238861083984,-122.02733612060548,3
2020,2020-11-27,1425,11,3,14,5,N,A,N,A,H,A,D,22,S,11,G,Y,,,,B,N,N,D,1,1,0,0,21954.0,2,36.97032928466797,-122.01961517333984,2
2020,2020-12-15,1723,12,4,17,2,N,A,N,A,H,E,A,01,N,10,G,Y,,,,B,N,N,D,1,1,0,0,21950.0,2,36.979454040527344,-122.02797698974608,3
2020,2020-12-14,1630,12,4,16,1,Y,A,N,A,H,A,A,01,,10,G,Y,,,,B,N,N,D,1,1,0,0,21950.0,2,36.98550033569336,-122.00505065917967,2
2020,2020-12-31,1213,12,4,12,4,N,A,N,A,H,A,A,01,E,08,H,,Y,,,G,N,N,A,1,0,1,0,22107.0,2,36.96153259277344,-122.0254364013672,4
2020,2020-12-07,2041,12,4,20,1,N,A,N,A,H,D,C,02,W,03,F,,,Y,,I,Y,N,-,1,0,0,1,22350.0,1,36.9608154296875,-122.06165313720705,3
2020,2020-12-24,1924,12,4,19,4,Y,A,N,A,H,C,A,01,,03,E,,,,,I,Y,N,D,1,0,0,0,22350.0,1,36.92258834838867,-121.774658203125,2
2020,2020-12-19,2112,12,4,21,6,Y,A,N,A,H,C,D,22,,09,A,,,,,C,Y,F,A,2,0,0,0,21453.0,2,37.0432014465332,-122.0251235961914,3
2020,2020-10-16,1055,10,3,10,5,N,A,N,A,H,A,L,04,N,03,H,,Y,,,G,N,N,D,1,0,1,0,22350.0,2,37.0568962097168,-122.01134490966795,2